Ships_IDs,Total_iregular_ships,Risk_score
111206,4,13.333333333333334
112488,4,13.333333333333334
101394,3,10.0
104504,3,10.0
106350,3,10.0
104296,3,10.0
106677,3,10.0
103337,3,10.0
109050,3,10.0
101424,3,10.0
112459,3,10.0
101734,3,10.0
111539,3,10.0
102765,3,10.0
102131,3,10.0
109196,3,10.0
108325,3,10.0
112675,3,10.0
113726,3,10.0
114626,3,10.0
116082,3,10.0
117148,3,10.0
117682,3,10.0
117858,3,10.0
118078,3,10.0
118871,3,10.0
119167,3,10.0
119222,3,10.0
119364,3,10.0
119460,3,10.0
121202,3,10.0
121444,3,10.0
121683,3,10.0
121954,3,10.0
122116,3,10.0
103302,2,6.666666666666667
101227,2,6.666666666666667
107629,2,6.666666666666667
102308,2,6.666666666666667
105006,2,6.666666666666667
102311,2,6.666666666666667
107023,2,6.666666666666667
105019,2,6.666666666666667
111213,2,6.666666666666667
102320,2,6.666666666666667
110555,2,6.666666666666667
100169,2,6.666666666666667
102325,2,6.666666666666667
106389,2,6.666666666666667
102338,2,6.666666666666667
103329,2,6.666666666666667
110863,2,6.666666666666667
100199,2,6.666666666666667
102357,2,6.666666666666667
110960,2,6.666666666666667
107069,2,6.666666666666667
101346,2,6.666666666666667
109705,2,6.666666666666667
111122,2,6.666666666666667
109718,2,6.666666666666667
101382,2,6.666666666666667
103372,2,6.666666666666667
108619,2,6.666666666666667
108239,2,6.666666666666667
110339,2,6.666666666666667
107125,2,6.666666666666667
103400,2,6.666666666666667
101429,2,6.666666666666667
101437,2,6.666666666666667
109075,2,6.666666666666667
109401,2,6.666666666666667
109402,2,6.666666666666667
106474,2,6.666666666666667
105134,2,6.666666666666667
108636,2,6.666666666666667
110578,2,6.666666666666667
101495,2,6.666666666666667
110579,2,6.666666666666667
109730,2,6.666666666666667
106504,2,6.666666666666667
102484,2,6.666666666666667
108661,2,6.666666666666667
109114,2,6.666666666666667
109731,2,6.666666666666667
103485,2,6.666666666666667
108290,2,6.666666666666667
107202,2,6.666666666666667
106540,2,6.666666666666667
108665,2,6.666666666666667
107209,2,6.666666666666667
104401,2,6.666666666666667
100408,2,6.666666666666667
109126,2,6.666666666666667
109997,2,6.666666666666667
110000,2,6.666666666666667
110351,2,6.666666666666667
110191,2,6.666666666666667
109455,2,6.666666666666667
104443,2,6.666666666666667
105242,2,6.666666666666667
105245,2,6.666666666666667
106600,2,6.666666666666667
109469,2,6.666666666666667
108700,2,6.666666666666667
110353,2,6.666666666666667
108378,2,6.666666666666667
102659,2,6.666666666666667
109158,2,6.666666666666667
104520,2,6.666666666666667
104526,2,6.666666666666667
102674,2,6.666666666666667
111241,2,6.666666666666667
101651,2,6.666666666666667
111341,2,6.666666666666667
102688,2,6.666666666666667
108400,2,6.666666666666667
100535,2,6.666666666666667
104547,2,6.666666666666667
104552,2,6.666666666666667
110586,2,6.666666666666667
107843,2,6.666666666666667
111150,2,6.666666666666667
110371,2,6.666666666666667
103683,2,6.666666666666667
103692,2,6.666666666666667
108418,2,6.666666666666667
107286,2,6.666666666666667
104599,2,6.666666666666667
105384,2,6.666666666666667
109804,2,6.666666666666667
109818,2,6.666666666666667
103738,2,6.666666666666667
103739,2,6.666666666666667
107302,2,6.666666666666667
105402,2,6.666666666666667
107907,2,6.666666666666667
102841,2,6.666666666666667
110229,2,6.666666666666667
105410,2,6.666666666666667
109229,2,6.666666666666667
107919,2,6.666666666666667
109824,2,6.666666666666667
107327,2,6.666666666666667
109835,2,6.666666666666667
106013,2,6.666666666666667
100715,2,6.666666666666667
109534,2,6.666666666666667
109839,2,6.666666666666667
107943,2,6.666666666666667
110482,2,6.666666666666667
109252,2,6.666666666666667
102916,2,6.666666666666667
105455,2,6.666666666666667
108845,2,6.666666666666667
110796,2,6.666666666666667
106777,2,6.666666666666667
109860,2,6.666666666666667
110697,2,6.666666666666667
102957,2,6.666666666666667
107385,2,6.666666666666667
103880,2,6.666666666666667
110081,2,6.666666666666667
110388,2,6.666666666666667
103907,2,6.666666666666667
100799,2,6.666666666666667
106803,2,6.666666666666667
107394,2,6.666666666666667
110908,2,6.666666666666667
110803,2,6.666666666666667
111659,2,6.666666666666667
106128,2,6.666666666666667
103012,2,6.666666666666667
110506,2,6.666666666666667
107436,2,6.666666666666667
106841,2,6.666666666666667
107447,2,6.666666666666667
104012,2,6.666666666666667
108882,2,6.666666666666667
106863,2,6.666666666666667
106865,2,6.666666666666667
106166,2,6.666666666666667
103080,2,6.666666666666667
109589,2,6.666666666666667
105548,2,6.666666666666667
100897,2,6.666666666666667
103088,2,6.666666666666667
111078,2,6.666666666666667
107487,2,6.666666666666667
108903,2,6.666666666666667
100945,2,6.666666666666667
111662,2,6.666666666666667
100968,2,6.666666666666667
110628,2,6.666666666666667
102027,2,6.666666666666667
104073,2,6.666666666666667
100985,2,6.666666666666667
100991,2,6.666666666666667
108911,2,6.666666666666667
105571,2,6.666666666666667
109319,2,6.666666666666667
110409,2,6.666666666666667
110120,2,6.666666666666667
104869,2,6.666666666666667
111487,2,6.666666666666667
102074,2,6.666666666666667
101042,2,6.666666666666667
102079,2,6.666666666666667
104113,2,6.666666666666667
108936,2,6.666666666666667
108129,2,6.666666666666667
111157,2,6.666666666666667
109639,2,6.666666666666667
109346,2,6.666666666666667
104130,2,6.666666666666667
108146,2,6.666666666666667
103200,2,6.666666666666667
107577,2,6.666666666666667
102182,2,6.666666666666667
102184,2,6.666666666666667
111745,2,6.666666666666667
112025,2,6.666666666666667
112077,2,6.666666666666667
112086,2,6.666666666666667
112230,2,6.666666666666667
112414,2,6.666666666666667
112528,2,6.666666666666667
112545,2,6.666666666666667
112576,2,6.666666666666667
112652,2,6.666666666666667
112655,2,6.666666666666667
108155,2,6.666666666666667
112751,2,6.666666666666667
112771,2,6.666666666666667
112808,2,6.666666666666667
112839,2,6.666666666666667
112840,2,6.666666666666667
112901,2,6.666666666666667
113055,2,6.666666666666667
113093,2,6.666666666666667
113095,2,6.666666666666667
113104,2,6.666666666666667
113119,2,6.666666666666667
113122,2,6.666666666666667
113128,2,6.666666666666667
113214,2,6.666666666666667
113312,2,6.666666666666667
113439,2,6.666666666666667
113474,2,6.666666666666667
113479,2,6.666666666666667
113572,2,6.666666666666667
113601,2,6.666666666666667
113709,2,6.666666666666667
113720,2,6.666666666666667
101112,2,6.666666666666667
113744,2,6.666666666666667
113777,2,6.666666666666667
113778,2,6.666666666666667
113800,2,6.666666666666667
113845,2,6.666666666666667
113892,2,6.666666666666667
113907,2,6.666666666666667
114000,2,6.666666666666667
114251,2,6.666666666666667
114260,2,6.666666666666667
114346,2,6.666666666666667
114356,2,6.666666666666667
114386,2,6.666666666666667
114410,2,6.666666666666667
114447,2,6.666666666666667
114483,2,6.666666666666667
114500,2,6.666666666666667
114563,2,6.666666666666667
114572,2,6.666666666666667
109355,2,6.666666666666667
114632,2,6.666666666666667
114642,2,6.666666666666667
114697,2,6.666666666666667
114746,2,6.666666666666667
114828,2,6.666666666666667
114852,2,6.666666666666667
114868,2,6.666666666666667
114871,2,6.666666666666667
114889,2,6.666666666666667
114987,2,6.666666666666667
115013,2,6.666666666666667
115048,2,6.666666666666667
115158,2,6.666666666666667
115204,2,6.666666666666667
115307,2,6.666666666666667
115422,2,6.666666666666667
115438,2,6.666666666666667
115486,2,6.666666666666667
115505,2,6.666666666666667
115507,2,6.666666666666667
115518,2,6.666666666666667
115535,2,6.666666666666667
115588,2,6.666666666666667
115741,2,6.666666666666667
115836,2,6.666666666666667
115910,2,6.666666666666667
115941,2,6.666666666666667
106980,2,6.666666666666667
116185,2,6.666666666666667
116212,2,6.666666666666667
116316,2,6.666666666666667
116318,2,6.666666666666667
116338,2,6.666666666666667
116413,2,6.666666666666667
116467,2,6.666666666666667
116474,2,6.666666666666667
116588,2,6.666666666666667
116653,2,6.666666666666667
116808,2,6.666666666666667
116820,2,6.666666666666667
117075,2,6.666666666666667
117086,2,6.666666666666667
117105,2,6.666666666666667
117134,2,6.666666666666667
107584,2,6.666666666666667
117185,2,6.666666666666667
117302,2,6.666666666666667
117306,2,6.666666666666667
117534,2,6.666666666666667
117569,2,6.666666666666667
117610,2,6.666666666666667
110132,2,6.666666666666667
117811,2,6.666666666666667
117845,2,6.666666666666667
107594,2,6.666666666666667
117890,2,6.666666666666667
117898,2,6.666666666666667
117958,2,6.666666666666667
117977,2,6.666666666666667
101155,2,6.666666666666667
118089,2,6.666666666666667
118130,2,6.666666666666667
118137,2,6.666666666666667
118160,2,6.666666666666667
118240,2,6.666666666666667
118246,2,6.666666666666667
118386,2,6.666666666666667
118715,2,6.666666666666667
118832,2,6.666666666666667
110853,2,6.666666666666667
118891,2,6.666666666666667
118927,2,6.666666666666667
118960,2,6.666666666666667
118965,2,6.666666666666667
119092,2,6.666666666666667
119093,2,6.666666666666667
119117,2,6.666666666666667
110728,2,6.666666666666667
119198,2,6.666666666666667
108998,2,6.666666666666667
119240,2,6.666666666666667
119293,2,6.666666666666667
119332,2,6.666666666666667
119363,2,6.666666666666667
104171,2,6.666666666666667
109002,2,6.666666666666667
119490,2,6.666666666666667
119542,2,6.666666666666667
119680,2,6.666666666666667
119795,2,6.666666666666667
119815,2,6.666666666666667
119887,2,6.666666666666667
119945,2,6.666666666666667
119950,2,6.666666666666667
119995,2,6.666666666666667
120001,2,6.666666666666667
120003,2,6.666666666666667
120042,2,6.666666666666667
120064,2,6.666666666666667
120078,2,6.666666666666667
120112,2,6.666666666666667
120131,2,6.666666666666667
120145,2,6.666666666666667
120156,2,6.666666666666667
120207,2,6.666666666666667
120217,2,6.666666666666667
120268,2,6.666666666666667
120278,2,6.666666666666667
120349,2,6.666666666666667
120370,2,6.666666666666667
120402,2,6.666666666666667
120415,2,6.666666666666667
120446,2,6.666666666666667
120471,2,6.666666666666667
120631,2,6.666666666666667
120695,2,6.666666666666667
120811,2,6.666666666666667
120894,2,6.666666666666667
120929,2,6.666666666666667
121004,2,6.666666666666667
121010,2,6.666666666666667
121082,2,6.666666666666667
121121,2,6.666666666666667
121180,2,6.666666666666667
110537,2,6.666666666666667
121211,2,6.666666666666667
121224,2,6.666666666666667
121273,2,6.666666666666667
121386,2,6.666666666666667
121402,2,6.666666666666667
104983,2,6.666666666666667
121450,2,6.666666666666667
121585,2,6.666666666666667
121617,2,6.666666666666667
121638,2,6.666666666666667
121639,2,6.666666666666667
121662,2,6.666666666666667
121677,2,6.666666666666667
101183,2,6.666666666666667
121793,2,6.666666666666667
121807,2,6.666666666666667
121827,2,6.666666666666667
121852,2,6.666666666666667
121884,2,6.666666666666667
101195,2,6.666666666666667
121957,2,6.666666666666667
121997,2,6.666666666666667
122004,2,6.666666666666667
122022,2,6.666666666666667
122068,2,6.666666666666667
122088,2,6.666666666666667
105683,2,6.666666666666667
122142,2,6.666666666666667
122198,2,6.666666666666667
122206,2,6.666666666666667
122237,2,6.666666666666667
122322,2,6.666666666666667
122383,2,6.666666666666667
122400,2,6.666666666666667
122502,2,6.666666666666667
122561,2,6.666666666666667
122571,2,6.666666666666667
122598,2,6.666666666666667
122634,2,6.666666666666667
122705,2,6.666666666666667
122720,2,6.666666666666667
122779,2,6.666666666666667
122822,2,6.666666666666667
122830,2,6.666666666666667
122834,2,6.666666666666667
122856,2,6.666666666666667
122866,2,6.666666666666667
123080,2,6.666666666666667
123089,2,6.666666666666667
100079,2,6.666666666666667
123378,2,6.666666666666667
123399,2,6.666666666666667
123406,2,6.666666666666667
123418,2,6.666666666666667
101319,1,3.3333333333333335
101322,1,3.3333333333333335
101341,1,3.3333333333333335
101345,1,3.3333333333333335
101350,1,3.3333333333333335
101355,1,3.3333333333333335
101374,1,3.3333333333333335
101391,1,3.3333333333333335
101392,1,3.3333333333333335
101393,1,3.3333333333333335
101398,1,3.3333333333333335
101412,1,3.3333333333333335
101418,1,3.3333333333333335
101421,1,3.3333333333333335
101438,1,3.3333333333333335
101457,1,3.3333333333333335
101468,1,3.3333333333333335
101469,1,3.3333333333333335
101474,1,3.3333333333333335
101475,1,3.3333333333333335
101477,1,3.3333333333333335
101497,1,3.3333333333333335
101501,1,3.3333333333333335
101505,1,3.3333333333333335
101506,1,3.3333333333333335
101509,1,3.3333333333333335
101511,1,3.3333333333333335
101513,1,3.3333333333333335
101516,1,3.3333333333333335
101517,1,3.3333333333333335
101519,1,3.3333333333333335
101523,1,3.3333333333333335
101525,1,3.3333333333333335
101526,1,3.3333333333333335
101530,1,3.3333333333333335
101542,1,3.3333333333333335
101552,1,3.3333333333333335
101554,1,3.3333333333333335
101562,1,3.3333333333333335
101576,1,3.3333333333333335
101584,1,3.3333333333333335
101587,1,3.3333333333333335
101596,1,3.3333333333333335
101597,1,3.3333333333333335
101604,1,3.3333333333333335
101605,1,3.3333333333333335
101609,1,3.3333333333333335
101611,1,3.3333333333333335
101612,1,3.3333333333333335
101613,1,3.3333333333333335
101617,1,3.3333333333333335
101625,1,3.3333333333333335
101628,1,3.3333333333333335
101631,1,3.3333333333333335
101632,1,3.3333333333333335
101642,1,3.3333333333333335
101644,1,3.3333333333333335
101647,1,3.3333333333333335
101653,1,3.3333333333333335
101655,1,3.3333333333333335
101659,1,3.3333333333333335
101665,1,3.3333333333333335
101667,1,3.3333333333333335
101670,1,3.3333333333333335
101671,1,3.3333333333333335
101672,1,3.3333333333333335
101673,1,3.3333333333333335
101677,1,3.3333333333333335
101678,1,3.3333333333333335
101683,1,3.3333333333333335
101685,1,3.3333333333333335
101694,1,3.3333333333333335
101696,1,3.3333333333333335
101697,1,3.3333333333333335
101702,1,3.3333333333333335
101716,1,3.3333333333333335
101720,1,3.3333333333333335
101721,1,3.3333333333333335
101727,1,3.3333333333333335
101732,1,3.3333333333333335
101733,1,3.3333333333333335
101736,1,3.3333333333333335
101739,1,3.3333333333333335
101740,1,3.3333333333333335
101743,1,3.3333333333333335
101752,1,3.3333333333333335
101754,1,3.3333333333333335
101757,1,3.3333333333333335
101759,1,3.3333333333333335
101761,1,3.3333333333333335
101762,1,3.3333333333333335
101778,1,3.3333333333333335
101779,1,3.3333333333333335
101787,1,3.3333333333333335
101803,1,3.3333333333333335
101810,1,3.3333333333333335
101814,1,3.3333333333333335
101824,1,3.3333333333333335
101827,1,3.3333333333333335
101834,1,3.3333333333333335
101842,1,3.3333333333333335
101843,1,3.3333333333333335
101858,1,3.3333333333333335
101870,1,3.3333333333333335
101874,1,3.3333333333333335
101877,1,3.3333333333333335
101880,1,3.3333333333333335
101881,1,3.3333333333333335
101882,1,3.3333333333333335
101883,1,3.3333333333333335
101890,1,3.3333333333333335
101898,1,3.3333333333333335
101900,1,3.3333333333333335
101902,1,3.3333333333333335
101904,1,3.3333333333333335
101926,1,3.3333333333333335
101930,1,3.3333333333333335
101933,1,3.3333333333333335
101939,1,3.3333333333333335
101947,1,3.3333333333333335
101953,1,3.3333333333333335
101954,1,3.3333333333333335
101956,1,3.3333333333333335
101967,1,3.3333333333333335
101968,1,3.3333333333333335
101969,1,3.3333333333333335
101970,1,3.3333333333333335
101975,1,3.3333333333333335
101982,1,3.3333333333333335
101987,1,3.3333333333333335
102001,1,3.3333333333333335
102005,1,3.3333333333333335
102008,1,3.3333333333333335
102014,1,3.3333333333333335
102021,1,3.3333333333333335
102032,1,3.3333333333333335
102039,1,3.3333333333333335
102040,1,3.3333333333333335
102045,1,3.3333333333333335
102059,1,3.3333333333333335
102060,1,3.3333333333333335
102061,1,3.3333333333333335
102073,1,3.3333333333333335
102098,1,3.3333333333333335
102102,1,3.3333333333333335
102116,1,3.3333333333333335
102135,1,3.3333333333333335
102137,1,3.3333333333333335
102144,1,3.3333333333333335
102168,1,3.3333333333333335
102172,1,3.3333333333333335
102175,1,3.3333333333333335
102176,1,3.3333333333333335
102181,1,3.3333333333333335
102187,1,3.3333333333333335
102197,1,3.3333333333333335
102203,1,3.3333333333333335
102213,1,3.3333333333333335
102220,1,3.3333333333333335
102224,1,3.3333333333333335
102239,1,3.3333333333333335
102253,1,3.3333333333333335
102266,1,3.3333333333333335
102270,1,3.3333333333333335
102272,1,3.3333333333333335
102273,1,3.3333333333333335
102278,1,3.3333333333333335
102288,1,3.3333333333333335
102294,1,3.3333333333333335
102298,1,3.3333333333333335
102301,1,3.3333333333333335
102310,1,3.3333333333333335
102314,1,3.3333333333333335
102316,1,3.3333333333333335
102319,1,3.3333333333333335
102323,1,3.3333333333333335
102332,1,3.3333333333333335
102352,1,3.3333333333333335
102355,1,3.3333333333333335
102375,1,3.3333333333333335
102380,1,3.3333333333333335
102382,1,3.3333333333333335
102393,1,3.3333333333333335
102397,1,3.3333333333333335
102403,1,3.3333333333333335
102411,1,3.3333333333333335
102412,1,3.3333333333333335
102418,1,3.3333333333333335
102422,1,3.3333333333333335
102425,1,3.3333333333333335
102431,1,3.3333333333333335
102433,1,3.3333333333333335
102435,1,3.3333333333333335
102437,1,3.3333333333333335
102438,1,3.3333333333333335
102455,1,3.3333333333333335
102459,1,3.3333333333333335
102460,1,3.3333333333333335
102471,1,3.3333333333333335
102472,1,3.3333333333333335
102475,1,3.3333333333333335
102476,1,3.3333333333333335
102479,1,3.3333333333333335
102491,1,3.3333333333333335
102493,1,3.3333333333333335
102503,1,3.3333333333333335
102508,1,3.3333333333333335
102517,1,3.3333333333333335
102527,1,3.3333333333333335
102531,1,3.3333333333333335
102534,1,3.3333333333333335
102536,1,3.3333333333333335
102542,1,3.3333333333333335
102548,1,3.3333333333333335
102564,1,3.3333333333333335
102567,1,3.3333333333333335
102568,1,3.3333333333333335
102571,1,3.3333333333333335
102573,1,3.3333333333333335
102589,1,3.3333333333333335
102597,1,3.3333333333333335
102601,1,3.3333333333333335
102612,1,3.3333333333333335
102617,1,3.3333333333333335
102632,1,3.3333333333333335
102639,1,3.3333333333333335
102643,1,3.3333333333333335
102644,1,3.3333333333333335
102655,1,3.3333333333333335
102660,1,3.3333333333333335
102666,1,3.3333333333333335
102671,1,3.3333333333333335
102679,1,3.3333333333333335
102683,1,3.3333333333333335
102686,1,3.3333333333333335
102692,1,3.3333333333333335
102704,1,3.3333333333333335
102712,1,3.3333333333333335
102716,1,3.3333333333333335
102717,1,3.3333333333333335
102728,1,3.3333333333333335
102729,1,3.3333333333333335
102736,1,3.3333333333333335
102739,1,3.3333333333333335
102741,1,3.3333333333333335
102761,1,3.3333333333333335
102769,1,3.3333333333333335
102773,1,3.3333333333333335
102779,1,3.3333333333333335
102783,1,3.3333333333333335
102785,1,3.3333333333333335
102800,1,3.3333333333333335
102803,1,3.3333333333333335
102808,1,3.3333333333333335
102834,1,3.3333333333333335
102836,1,3.3333333333333335
102838,1,3.3333333333333335
102862,1,3.3333333333333335
102867,1,3.3333333333333335
102869,1,3.3333333333333335
102874,1,3.3333333333333335
102877,1,3.3333333333333335
102879,1,3.3333333333333335
102884,1,3.3333333333333335
102887,1,3.3333333333333335
102895,1,3.3333333333333335
102898,1,3.3333333333333335
102902,1,3.3333333333333335
102903,1,3.3333333333333335
102912,1,3.3333333333333335
102922,1,3.3333333333333335
102928,1,3.3333333333333335
102930,1,3.3333333333333335
102941,1,3.3333333333333335
102954,1,3.3333333333333335
102955,1,3.3333333333333335
102964,1,3.3333333333333335
102965,1,3.3333333333333335
102970,1,3.3333333333333335
102971,1,3.3333333333333335
102972,1,3.3333333333333335
102974,1,3.3333333333333335
102977,1,3.3333333333333335
102992,1,3.3333333333333335
103001,1,3.3333333333333335
103003,1,3.3333333333333335
103005,1,3.3333333333333335
103023,1,3.3333333333333335
103032,1,3.3333333333333335
103037,1,3.3333333333333335
103042,1,3.3333333333333335
103045,1,3.3333333333333335
103058,1,3.3333333333333335
103064,1,3.3333333333333335
103068,1,3.3333333333333335
103074,1,3.3333333333333335
103081,1,3.3333333333333335
103084,1,3.3333333333333335
103092,1,3.3333333333333335
103094,1,3.3333333333333335
103095,1,3.3333333333333335
103097,1,3.3333333333333335
103098,1,3.3333333333333335
103102,1,3.3333333333333335
103105,1,3.3333333333333335
103108,1,3.3333333333333335
103113,1,3.3333333333333335
103115,1,3.3333333333333335
103128,1,3.3333333333333335
103141,1,3.3333333333333335
103143,1,3.3333333333333335
103152,1,3.3333333333333335
103164,1,3.3333333333333335
103166,1,3.3333333333333335
103170,1,3.3333333333333335
103173,1,3.3333333333333335
103186,1,3.3333333333333335
103190,1,3.3333333333333335
103194,1,3.3333333333333335
103195,1,3.3333333333333335
103202,1,3.3333333333333335
103206,1,3.3333333333333335
103221,1,3.3333333333333335
103225,1,3.3333333333333335
103228,1,3.3333333333333335
103229,1,3.3333333333333335
103246,1,3.3333333333333335
103251,1,3.3333333333333335
103253,1,3.3333333333333335
103262,1,3.3333333333333335
103268,1,3.3333333333333335
103279,1,3.3333333333333335
103287,1,3.3333333333333335
103289,1,3.3333333333333335
103290,1,3.3333333333333335
103303,1,3.3333333333333335
103305,1,3.3333333333333335
103315,1,3.3333333333333335
103316,1,3.3333333333333335
103319,1,3.3333333333333335
103322,1,3.3333333333333335
103325,1,3.3333333333333335
103326,1,3.3333333333333335
103332,1,3.3333333333333335
103341,1,3.3333333333333335
103342,1,3.3333333333333335
103348,1,3.3333333333333335
103351,1,3.3333333333333335
103357,1,3.3333333333333335
103363,1,3.3333333333333335
103373,1,3.3333333333333335
103386,1,3.3333333333333335
103392,1,3.3333333333333335
103397,1,3.3333333333333335
103398,1,3.3333333333333335
103405,1,3.3333333333333335
103406,1,3.3333333333333335
103419,1,3.3333333333333335
103420,1,3.3333333333333335
103428,1,3.3333333333333335
103440,1,3.3333333333333335
103450,1,3.3333333333333335
103464,1,3.3333333333333335
103467,1,3.3333333333333335
103468,1,3.3333333333333335
103481,1,3.3333333333333335
103483,1,3.3333333333333335
103484,1,3.3333333333333335
103490,1,3.3333333333333335
103497,1,3.3333333333333335
103501,1,3.3333333333333335
103506,1,3.3333333333333335
103507,1,3.3333333333333335
103511,1,3.3333333333333335
103530,1,3.3333333333333335
103532,1,3.3333333333333335
103536,1,3.3333333333333335
103538,1,3.3333333333333335
103541,1,3.3333333333333335
103554,1,3.3333333333333335
103558,1,3.3333333333333335
103560,1,3.3333333333333335
103576,1,3.3333333333333335
103578,1,3.3333333333333335
103584,1,3.3333333333333335
103585,1,3.3333333333333335
103591,1,3.3333333333333335
103592,1,3.3333333333333335
103595,1,3.3333333333333335
103597,1,3.3333333333333335
103600,1,3.3333333333333335
103612,1,3.3333333333333335
103619,1,3.3333333333333335
103628,1,3.3333333333333335
103638,1,3.3333333333333335
103642,1,3.3333333333333335
103646,1,3.3333333333333335
103648,1,3.3333333333333335
103649,1,3.3333333333333335
103655,1,3.3333333333333335
103659,1,3.3333333333333335
103668,1,3.3333333333333335
103675,1,3.3333333333333335
103680,1,3.3333333333333335
103682,1,3.3333333333333335
103699,1,3.3333333333333335
103702,1,3.3333333333333335
103712,1,3.3333333333333335
103720,1,3.3333333333333335
103721,1,3.3333333333333335
103733,1,3.3333333333333335
103746,1,3.3333333333333335
103755,1,3.3333333333333335
103758,1,3.3333333333333335
103764,1,3.3333333333333335
103767,1,3.3333333333333335
103769,1,3.3333333333333335
103775,1,3.3333333333333335
103778,1,3.3333333333333335
103790,1,3.3333333333333335
103811,1,3.3333333333333335
103819,1,3.3333333333333335
103820,1,3.3333333333333335
103822,1,3.3333333333333335
103835,1,3.3333333333333335
103840,1,3.3333333333333335
103843,1,3.3333333333333335
103846,1,3.3333333333333335
103848,1,3.3333333333333335
103851,1,3.3333333333333335
103855,1,3.3333333333333335
103860,1,3.3333333333333335
103861,1,3.3333333333333335
103868,1,3.3333333333333335
103900,1,3.3333333333333335
103903,1,3.3333333333333335
103912,1,3.3333333333333335
103916,1,3.3333333333333335
103927,1,3.3333333333333335
103928,1,3.3333333333333335
103932,1,3.3333333333333335
103939,1,3.3333333333333335
103955,1,3.3333333333333335
103974,1,3.3333333333333335
103996,1,3.3333333333333335
104005,1,3.3333333333333335
104013,1,3.3333333333333335
104018,1,3.3333333333333335
104032,1,3.3333333333333335
104038,1,3.3333333333333335
104039,1,3.3333333333333335
104044,1,3.3333333333333335
104056,1,3.3333333333333335
104060,1,3.3333333333333335
104065,1,3.3333333333333335
104067,1,3.3333333333333335
104072,1,3.3333333333333335
104080,1,3.3333333333333335
104083,1,3.3333333333333335
104086,1,3.3333333333333335
104092,1,3.3333333333333335
104105,1,3.3333333333333335
104107,1,3.3333333333333335
104108,1,3.3333333333333335
104115,1,3.3333333333333335
104117,1,3.3333333333333335
104120,1,3.3333333333333335
104121,1,3.3333333333333335
104124,1,3.3333333333333335
104128,1,3.3333333333333335
104135,1,3.3333333333333335
104137,1,3.3333333333333335
104138,1,3.3333333333333335
104140,1,3.3333333333333335
104141,1,3.3333333333333335
104146,1,3.3333333333333335
104152,1,3.3333333333333335
104155,1,3.3333333333333335
104163,1,3.3333333333333335
104165,1,3.3333333333333335
104170,1,3.3333333333333335
104179,1,3.3333333333333335
104183,1,3.3333333333333335
104188,1,3.3333333333333335
104190,1,3.3333333333333335
104194,1,3.3333333333333335
104204,1,3.3333333333333335
104209,1,3.3333333333333335
104212,1,3.3333333333333335
104215,1,3.3333333333333335
104219,1,3.3333333333333335
104223,1,3.3333333333333335
104241,1,3.3333333333333335
104245,1,3.3333333333333335
104253,1,3.3333333333333335
104255,1,3.3333333333333335
104256,1,3.3333333333333335
104263,1,3.3333333333333335
104269,1,3.3333333333333335
104271,1,3.3333333333333335
104280,1,3.3333333333333335
104290,1,3.3333333333333335
104295,1,3.3333333333333335
104308,1,3.3333333333333335
104311,1,3.3333333333333335
104316,1,3.3333333333333335
104317,1,3.3333333333333335
104327,1,3.3333333333333335
104329,1,3.3333333333333335
104334,1,3.3333333333333335
104338,1,3.3333333333333335
104339,1,3.3333333333333335
104340,1,3.3333333333333335
104343,1,3.3333333333333335
104354,1,3.3333333333333335
104361,1,3.3333333333333335
104368,1,3.3333333333333335
104376,1,3.3333333333333335
104377,1,3.3333333333333335
104378,1,3.3333333333333335
104385,1,3.3333333333333335
104387,1,3.3333333333333335
104414,1,3.3333333333333335
104415,1,3.3333333333333335
104417,1,3.3333333333333335
104424,1,3.3333333333333335
104427,1,3.3333333333333335
104431,1,3.3333333333333335
104439,1,3.3333333333333335
104452,1,3.3333333333333335
104454,1,3.3333333333333335
104456,1,3.3333333333333335
104479,1,3.3333333333333335
104489,1,3.3333333333333335
104500,1,3.3333333333333335
104501,1,3.3333333333333335
104509,1,3.3333333333333335
104534,1,3.3333333333333335
104537,1,3.3333333333333335
104538,1,3.3333333333333335
104546,1,3.3333333333333335
104558,1,3.3333333333333335
104567,1,3.3333333333333335
104568,1,3.3333333333333335
104570,1,3.3333333333333335
104575,1,3.3333333333333335
104578,1,3.3333333333333335
104584,1,3.3333333333333335
104593,1,3.3333333333333335
104606,1,3.3333333333333335
104631,1,3.3333333333333335
104634,1,3.3333333333333335
104635,1,3.3333333333333335
104651,1,3.3333333333333335
104655,1,3.3333333333333335
104660,1,3.3333333333333335
104661,1,3.3333333333333335
104666,1,3.3333333333333335
104676,1,3.3333333333333335
104682,1,3.3333333333333335
104685,1,3.3333333333333335
104686,1,3.3333333333333335
104687,1,3.3333333333333335
104690,1,3.3333333333333335
104699,1,3.3333333333333335
104703,1,3.3333333333333335
104707,1,3.3333333333333335
104710,1,3.3333333333333335
104713,1,3.3333333333333335
104714,1,3.3333333333333335
104715,1,3.3333333333333335
104722,1,3.3333333333333335
104731,1,3.3333333333333335
104732,1,3.3333333333333335
104739,1,3.3333333333333335
104744,1,3.3333333333333335
104745,1,3.3333333333333335
104746,1,3.3333333333333335
104748,1,3.3333333333333335
104752,1,3.3333333333333335
104755,1,3.3333333333333335
104757,1,3.3333333333333335
104761,1,3.3333333333333335
104767,1,3.3333333333333335
104772,1,3.3333333333333335
104782,1,3.3333333333333335
104790,1,3.3333333333333335
104792,1,3.3333333333333335
104799,1,3.3333333333333335
104814,1,3.3333333333333335
104818,1,3.3333333333333335
104820,1,3.3333333333333335
104823,1,3.3333333333333335
104826,1,3.3333333333333335
104832,1,3.3333333333333335
104834,1,3.3333333333333335
104843,1,3.3333333333333335
104846,1,3.3333333333333335
104850,1,3.3333333333333335
104853,1,3.3333333333333335
104854,1,3.3333333333333335
104857,1,3.3333333333333335
104861,1,3.3333333333333335
104872,1,3.3333333333333335
104873,1,3.3333333333333335
104874,1,3.3333333333333335
104887,1,3.3333333333333335
104888,1,3.3333333333333335
104899,1,3.3333333333333335
104903,1,3.3333333333333335
104908,1,3.3333333333333335
104911,1,3.3333333333333335
104930,1,3.3333333333333335
104934,1,3.3333333333333335
104942,1,3.3333333333333335
104943,1,3.3333333333333335
104947,1,3.3333333333333335
104949,1,3.3333333333333335
104951,1,3.3333333333333335
104962,1,3.3333333333333335
104968,1,3.3333333333333335
104974,1,3.3333333333333335
104975,1,3.3333333333333335
104985,1,3.3333333333333335
104993,1,3.3333333333333335
105005,1,3.3333333333333335
105013,1,3.3333333333333335
105045,1,3.3333333333333335
105047,1,3.3333333333333335
105049,1,3.3333333333333335
105055,1,3.3333333333333335
105066,1,3.3333333333333335
105075,1,3.3333333333333335
105076,1,3.3333333333333335
105081,1,3.3333333333333335
105092,1,3.3333333333333335
105097,1,3.3333333333333335
105098,1,3.3333333333333335
105104,1,3.3333333333333335
105115,1,3.3333333333333335
105120,1,3.3333333333333335
105123,1,3.3333333333333335
105124,1,3.3333333333333335
105127,1,3.3333333333333335
105130,1,3.3333333333333335
105137,1,3.3333333333333335
105139,1,3.3333333333333335
105142,1,3.3333333333333335
105148,1,3.3333333333333335
105150,1,3.3333333333333335
105155,1,3.3333333333333335
105163,1,3.3333333333333335
105165,1,3.3333333333333335
105167,1,3.3333333333333335
105168,1,3.3333333333333335
105169,1,3.3333333333333335
105183,1,3.3333333333333335
105186,1,3.3333333333333335
105202,1,3.3333333333333335
105203,1,3.3333333333333335
105204,1,3.3333333333333335
105205,1,3.3333333333333335
105210,1,3.3333333333333335
105224,1,3.3333333333333335
105226,1,3.3333333333333335
105263,1,3.3333333333333335
105268,1,3.3333333333333335
105276,1,3.3333333333333335
105280,1,3.3333333333333335
105281,1,3.3333333333333335
105282,1,3.3333333333333335
105306,1,3.3333333333333335
105308,1,3.3333333333333335
105310,1,3.3333333333333335
105318,1,3.3333333333333335
105329,1,3.3333333333333335
105331,1,3.3333333333333335
105336,1,3.3333333333333335
105340,1,3.3333333333333335
105357,1,3.3333333333333335
105361,1,3.3333333333333335
105379,1,3.3333333333333335
105382,1,3.3333333333333335
105386,1,3.3333333333333335
105390,1,3.3333333333333335
105397,1,3.3333333333333335
105403,1,3.3333333333333335
105404,1,3.3333333333333335
105412,1,3.3333333333333335
105414,1,3.3333333333333335
105415,1,3.3333333333333335
105422,1,3.3333333333333335
105429,1,3.3333333333333335
105430,1,3.3333333333333335
105432,1,3.3333333333333335
105442,1,3.3333333333333335
105443,1,3.3333333333333335
105444,1,3.3333333333333335
105452,1,3.3333333333333335
105457,1,3.3333333333333335
105461,1,3.3333333333333335
105462,1,3.3333333333333335
105464,1,3.3333333333333335
105469,1,3.3333333333333335
105471,1,3.3333333333333335
105472,1,3.3333333333333335
105475,1,3.3333333333333335
105477,1,3.3333333333333335
105488,1,3.3333333333333335
105492,1,3.3333333333333335
105493,1,3.3333333333333335
105500,1,3.3333333333333335
105504,1,3.3333333333333335
105509,1,3.3333333333333335
105514,1,3.3333333333333335
105515,1,3.3333333333333335
105530,1,3.3333333333333335
105534,1,3.3333333333333335
105535,1,3.3333333333333335
105537,1,3.3333333333333335
105541,1,3.3333333333333335
105545,1,3.3333333333333335
105549,1,3.3333333333333335
105550,1,3.3333333333333335
105551,1,3.3333333333333335
105559,1,3.3333333333333335
105567,1,3.3333333333333335
105570,1,3.3333333333333335
105572,1,3.3333333333333335
105577,1,3.3333333333333335
105578,1,3.3333333333333335
105582,1,3.3333333333333335
105600,1,3.3333333333333335
105606,1,3.3333333333333335
105608,1,3.3333333333333335
105615,1,3.3333333333333335
105617,1,3.3333333333333335
105618,1,3.3333333333333335
105620,1,3.3333333333333335
105624,1,3.3333333333333335
105628,1,3.3333333333333335
105638,1,3.3333333333333335
105640,1,3.3333333333333335
105643,1,3.3333333333333335
105649,1,3.3333333333333335
105662,1,3.3333333333333335
105664,1,3.3333333333333335
105666,1,3.3333333333333335
105668,1,3.3333333333333335
105670,1,3.3333333333333335
105677,1,3.3333333333333335
105690,1,3.3333333333333335
105691,1,3.3333333333333335
105697,1,3.3333333333333335
105703,1,3.3333333333333335
105714,1,3.3333333333333335
105724,1,3.3333333333333335
105728,1,3.3333333333333335
105732,1,3.3333333333333335
105744,1,3.3333333333333335
105746,1,3.3333333333333335
105748,1,3.3333333333333335
105757,1,3.3333333333333335
105768,1,3.3333333333333335
105776,1,3.3333333333333335
105781,1,3.3333333333333335
105782,1,3.3333333333333335
105783,1,3.3333333333333335
105787,1,3.3333333333333335
105789,1,3.3333333333333335
105796,1,3.3333333333333335
105802,1,3.3333333333333335
105810,1,3.3333333333333335
105812,1,3.3333333333333335
105816,1,3.3333333333333335
105829,1,3.3333333333333335
105830,1,3.3333333333333335
105831,1,3.3333333333333335
105836,1,3.3333333333333335
105837,1,3.3333333333333335
105838,1,3.3333333333333335
105841,1,3.3333333333333335
105849,1,3.3333333333333335
105868,1,3.3333333333333335
105872,1,3.3333333333333335
105875,1,3.3333333333333335
105876,1,3.3333333333333335
105882,1,3.3333333333333335
105883,1,3.3333333333333335
105884,1,3.3333333333333335
105886,1,3.3333333333333335
105887,1,3.3333333333333335
105893,1,3.3333333333333335
105901,1,3.3333333333333335
105921,1,3.3333333333333335
105923,1,3.3333333333333335
105926,1,3.3333333333333335
105928,1,3.3333333333333335
105930,1,3.3333333333333335
105935,1,3.3333333333333335
105939,1,3.3333333333333335
105940,1,3.3333333333333335
105942,1,3.3333333333333335
105943,1,3.3333333333333335
105944,1,3.3333333333333335
105952,1,3.3333333333333335
105954,1,3.3333333333333335
105957,1,3.3333333333333335
105960,1,3.3333333333333335
105985,1,3.3333333333333335
105990,1,3.3333333333333335
105994,1,3.3333333333333335
105995,1,3.3333333333333335
105999,1,3.3333333333333335
106001,1,3.3333333333333335
106003,1,3.3333333333333335
106004,1,3.3333333333333335
106006,1,3.3333333333333335
106008,1,3.3333333333333335
106011,1,3.3333333333333335
106025,1,3.3333333333333335
106028,1,3.3333333333333335
106042,1,3.3333333333333335
106043,1,3.3333333333333335
106045,1,3.3333333333333335
106054,1,3.3333333333333335
106055,1,3.3333333333333335
106056,1,3.3333333333333335
106067,1,3.3333333333333335
106069,1,3.3333333333333335
106083,1,3.3333333333333335
106085,1,3.3333333333333335
106086,1,3.3333333333333335
106094,1,3.3333333333333335
106099,1,3.3333333333333335
106104,1,3.3333333333333335
106111,1,3.3333333333333335
106121,1,3.3333333333333335
106132,1,3.3333333333333335
106133,1,3.3333333333333335
106139,1,3.3333333333333335
106141,1,3.3333333333333335
106143,1,3.3333333333333335
106153,1,3.3333333333333335
106157,1,3.3333333333333335
106170,1,3.3333333333333335
106174,1,3.3333333333333335
106180,1,3.3333333333333335
106185,1,3.3333333333333335
106192,1,3.3333333333333335
106193,1,3.3333333333333335
106196,1,3.3333333333333335
106198,1,3.3333333333333335
106205,1,3.3333333333333335
106211,1,3.3333333333333335
106213,1,3.3333333333333335
106217,1,3.3333333333333335
106222,1,3.3333333333333335
106236,1,3.3333333333333335
106251,1,3.3333333333333335
106278,1,3.3333333333333335
106281,1,3.3333333333333335
106282,1,3.3333333333333335
106291,1,3.3333333333333335
106292,1,3.3333333333333335
106293,1,3.3333333333333335
106306,1,3.3333333333333335
106315,1,3.3333333333333335
106324,1,3.3333333333333335
106326,1,3.3333333333333335
106327,1,3.3333333333333335
106333,1,3.3333333333333335
106342,1,3.3333333333333335
106346,1,3.3333333333333335
106347,1,3.3333333333333335
106366,1,3.3333333333333335
106368,1,3.3333333333333335
106379,1,3.3333333333333335
106388,1,3.3333333333333335
106392,1,3.3333333333333335
106395,1,3.3333333333333335
106408,1,3.3333333333333335
106409,1,3.3333333333333335
106413,1,3.3333333333333335
106414,1,3.3333333333333335
106417,1,3.3333333333333335
106429,1,3.3333333333333335
106439,1,3.3333333333333335
106442,1,3.3333333333333335
106461,1,3.3333333333333335
106462,1,3.3333333333333335
106467,1,3.3333333333333335
106469,1,3.3333333333333335
106475,1,3.3333333333333335
106494,1,3.3333333333333335
106498,1,3.3333333333333335
106502,1,3.3333333333333335
106511,1,3.3333333333333335
106515,1,3.3333333333333335
106518,1,3.3333333333333335
106520,1,3.3333333333333335
106535,1,3.3333333333333335
106544,1,3.3333333333333335
106545,1,3.3333333333333335
106552,1,3.3333333333333335
106553,1,3.3333333333333335
106554,1,3.3333333333333335
106572,1,3.3333333333333335
106578,1,3.3333333333333335
106594,1,3.3333333333333335
106596,1,3.3333333333333335
106608,1,3.3333333333333335
106613,1,3.3333333333333335
106616,1,3.3333333333333335
106625,1,3.3333333333333335
106626,1,3.3333333333333335
106627,1,3.3333333333333335
106647,1,3.3333333333333335
106656,1,3.3333333333333335
106657,1,3.3333333333333335
106661,1,3.3333333333333335
106668,1,3.3333333333333335
106671,1,3.3333333333333335
106685,1,3.3333333333333335
106686,1,3.3333333333333335
106687,1,3.3333333333333335
106689,1,3.3333333333333335
106690,1,3.3333333333333335
106700,1,3.3333333333333335
106703,1,3.3333333333333335
106704,1,3.3333333333333335
106708,1,3.3333333333333335
106711,1,3.3333333333333335
106715,1,3.3333333333333335
106721,1,3.3333333333333335
106723,1,3.3333333333333335
106737,1,3.3333333333333335
106745,1,3.3333333333333335
106750,1,3.3333333333333335
106755,1,3.3333333333333335
106756,1,3.3333333333333335
106761,1,3.3333333333333335
106768,1,3.3333333333333335
106773,1,3.3333333333333335
106783,1,3.3333333333333335
106786,1,3.3333333333333335
106789,1,3.3333333333333335
106792,1,3.3333333333333335
106797,1,3.3333333333333335
106805,1,3.3333333333333335
106824,1,3.3333333333333335
106826,1,3.3333333333333335
106831,1,3.3333333333333335
106832,1,3.3333333333333335
106838,1,3.3333333333333335
106844,1,3.3333333333333335
106848,1,3.3333333333333335
106869,1,3.3333333333333335
106870,1,3.3333333333333335
106878,1,3.3333333333333335
106880,1,3.3333333333333335
106881,1,3.3333333333333335
106885,1,3.3333333333333335
106886,1,3.3333333333333335
106897,1,3.3333333333333335
106902,1,3.3333333333333335
106912,1,3.3333333333333335
106913,1,3.3333333333333335
106916,1,3.3333333333333335
106918,1,3.3333333333333335
106920,1,3.3333333333333335
106922,1,3.3333333333333335
106924,1,3.3333333333333335
106938,1,3.3333333333333335
106948,1,3.3333333333333335
106953,1,3.3333333333333335
106962,1,3.3333333333333335
106976,1,3.3333333333333335
106987,1,3.3333333333333335
106989,1,3.3333333333333335
106993,1,3.3333333333333335
106997,1,3.3333333333333335
107002,1,3.3333333333333335
107004,1,3.3333333333333335
107013,1,3.3333333333333335
107019,1,3.3333333333333335
107021,1,3.3333333333333335
107031,1,3.3333333333333335
107036,1,3.3333333333333335
107037,1,3.3333333333333335
107044,1,3.3333333333333335
107054,1,3.3333333333333335
107080,1,3.3333333333333335
107094,1,3.3333333333333335
107098,1,3.3333333333333335
107103,1,3.3333333333333335
107104,1,3.3333333333333335
107111,1,3.3333333333333335
107132,1,3.3333333333333335
107133,1,3.3333333333333335
107141,1,3.3333333333333335
107143,1,3.3333333333333335
107152,1,3.3333333333333335
107162,1,3.3333333333333335
107163,1,3.3333333333333335
107173,1,3.3333333333333335
107178,1,3.3333333333333335
107183,1,3.3333333333333335
107186,1,3.3333333333333335
107203,1,3.3333333333333335
107210,1,3.3333333333333335
107212,1,3.3333333333333335
107216,1,3.3333333333333335
107222,1,3.3333333333333335
107228,1,3.3333333333333335
107231,1,3.3333333333333335
107233,1,3.3333333333333335
107234,1,3.3333333333333335
107237,1,3.3333333333333335
107240,1,3.3333333333333335
107242,1,3.3333333333333335
107244,1,3.3333333333333335
107247,1,3.3333333333333335
107251,1,3.3333333333333335
107252,1,3.3333333333333335
107256,1,3.3333333333333335
107260,1,3.3333333333333335
107263,1,3.3333333333333335
107267,1,3.3333333333333335
107270,1,3.3333333333333335
107272,1,3.3333333333333335
107281,1,3.3333333333333335
107288,1,3.3333333333333335
107301,1,3.3333333333333335
107304,1,3.3333333333333335
107314,1,3.3333333333333335
107322,1,3.3333333333333335
107325,1,3.3333333333333335
107326,1,3.3333333333333335
107328,1,3.3333333333333335
107335,1,3.3333333333333335
107338,1,3.3333333333333335
107340,1,3.3333333333333335
107344,1,3.3333333333333335
107346,1,3.3333333333333335
107362,1,3.3333333333333335
107364,1,3.3333333333333335
107365,1,3.3333333333333335
107370,1,3.3333333333333335
107389,1,3.3333333333333335
107393,1,3.3333333333333335
107398,1,3.3333333333333335
107408,1,3.3333333333333335
107424,1,3.3333333333333335
107427,1,3.3333333333333335
107465,1,3.3333333333333335
107475,1,3.3333333333333335
107486,1,3.3333333333333335
107489,1,3.3333333333333335
107491,1,3.3333333333333335
107500,1,3.3333333333333335
107501,1,3.3333333333333335
107509,1,3.3333333333333335
107517,1,3.3333333333333335
107519,1,3.3333333333333335
107522,1,3.3333333333333335
107543,1,3.3333333333333335
107544,1,3.3333333333333335
107545,1,3.3333333333333335
107547,1,3.3333333333333335
107553,1,3.3333333333333335
107556,1,3.3333333333333335
107572,1,3.3333333333333335
107581,1,3.3333333333333335
107583,1,3.3333333333333335
107589,1,3.3333333333333335
107600,1,3.3333333333333335
107607,1,3.3333333333333335
107615,1,3.3333333333333335
107625,1,3.3333333333333335
107628,1,3.3333333333333335
107636,1,3.3333333333333335
107643,1,3.3333333333333335
107651,1,3.3333333333333335
107652,1,3.3333333333333335
107654,1,3.3333333333333335
107661,1,3.3333333333333335
107667,1,3.3333333333333335
107671,1,3.3333333333333335
107680,1,3.3333333333333335
107682,1,3.3333333333333335
107683,1,3.3333333333333335
107684,1,3.3333333333333335
107693,1,3.3333333333333335
107695,1,3.3333333333333335
107701,1,3.3333333333333335
107704,1,3.3333333333333335
107725,1,3.3333333333333335
107731,1,3.3333333333333335
107735,1,3.3333333333333335
107740,1,3.3333333333333335
107741,1,3.3333333333333335
107742,1,3.3333333333333335
107745,1,3.3333333333333335
107746,1,3.3333333333333335
107748,1,3.3333333333333335
107764,1,3.3333333333333335
107766,1,3.3333333333333335
107767,1,3.3333333333333335
107773,1,3.3333333333333335
107776,1,3.3333333333333335
107778,1,3.3333333333333335
107783,1,3.3333333333333335
107787,1,3.3333333333333335
107794,1,3.3333333333333335
107799,1,3.3333333333333335
107801,1,3.3333333333333335
107802,1,3.3333333333333335
107805,1,3.3333333333333335
107818,1,3.3333333333333335
107842,1,3.3333333333333335
107845,1,3.3333333333333335
107849,1,3.3333333333333335
107856,1,3.3333333333333335
107874,1,3.3333333333333335
107876,1,3.3333333333333335
107896,1,3.3333333333333335
107913,1,3.3333333333333335
107915,1,3.3333333333333335
107924,1,3.3333333333333335
107931,1,3.3333333333333335
107936,1,3.3333333333333335
107942,1,3.3333333333333335
107954,1,3.3333333333333335
107964,1,3.3333333333333335
107983,1,3.3333333333333335
107984,1,3.3333333333333335
107985,1,3.3333333333333335
107990,1,3.3333333333333335
108001,1,3.3333333333333335
108020,1,3.3333333333333335
108040,1,3.3333333333333335
108046,1,3.3333333333333335
108047,1,3.3333333333333335
108049,1,3.3333333333333335
108053,1,3.3333333333333335
108060,1,3.3333333333333335
108062,1,3.3333333333333335
108065,1,3.3333333333333335
108070,1,3.3333333333333335
108073,1,3.3333333333333335
108079,1,3.3333333333333335
108091,1,3.3333333333333335
108100,1,3.3333333333333335
108101,1,3.3333333333333335
108103,1,3.3333333333333335
108116,1,3.3333333333333335
108134,1,3.3333333333333335
108140,1,3.3333333333333335
108142,1,3.3333333333333335
108144,1,3.3333333333333335
108159,1,3.3333333333333335
108162,1,3.3333333333333335
108163,1,3.3333333333333335
108172,1,3.3333333333333335
108178,1,3.3333333333333335
108184,1,3.3333333333333335
108195,1,3.3333333333333335
108201,1,3.3333333333333335
108205,1,3.3333333333333335
108215,1,3.3333333333333335
108222,1,3.3333333333333335
108223,1,3.3333333333333335
108224,1,3.3333333333333335
108231,1,3.3333333333333335
108233,1,3.3333333333333335
108234,1,3.3333333333333335
108244,1,3.3333333333333335
108263,1,3.3333333333333335
108264,1,3.3333333333333335
108267,1,3.3333333333333335
108269,1,3.3333333333333335
108272,1,3.3333333333333335
108273,1,3.3333333333333335
108275,1,3.3333333333333335
108277,1,3.3333333333333335
108281,1,3.3333333333333335
108282,1,3.3333333333333335
108291,1,3.3333333333333335
108293,1,3.3333333333333335
108318,1,3.3333333333333335
108320,1,3.3333333333333335
108324,1,3.3333333333333335
108326,1,3.3333333333333335
108361,1,3.3333333333333335
108365,1,3.3333333333333335
108366,1,3.3333333333333335
108372,1,3.3333333333333335
108387,1,3.3333333333333335
108390,1,3.3333333333333335
108392,1,3.3333333333333335
108399,1,3.3333333333333335
108401,1,3.3333333333333335
108402,1,3.3333333333333335
108409,1,3.3333333333333335
108413,1,3.3333333333333335
108424,1,3.3333333333333335
108426,1,3.3333333333333335
108431,1,3.3333333333333335
108437,1,3.3333333333333335
108442,1,3.3333333333333335
108446,1,3.3333333333333335
108447,1,3.3333333333333335
108461,1,3.3333333333333335
108466,1,3.3333333333333335
108467,1,3.3333333333333335
108471,1,3.3333333333333335
108472,1,3.3333333333333335
108476,1,3.3333333333333335
108477,1,3.3333333333333335
108481,1,3.3333333333333335
108486,1,3.3333333333333335
108488,1,3.3333333333333335
108489,1,3.3333333333333335
108493,1,3.3333333333333335
108495,1,3.3333333333333335
108497,1,3.3333333333333335
108499,1,3.3333333333333335
108503,1,3.3333333333333335
108505,1,3.3333333333333335
108510,1,3.3333333333333335
108516,1,3.3333333333333335
108517,1,3.3333333333333335
108518,1,3.3333333333333335
108520,1,3.3333333333333335
108524,1,3.3333333333333335
108527,1,3.3333333333333335
108530,1,3.3333333333333335
108545,1,3.3333333333333335
108547,1,3.3333333333333335
108548,1,3.3333333333333335
108550,1,3.3333333333333335
108560,1,3.3333333333333335
108565,1,3.3333333333333335
108567,1,3.3333333333333335
108568,1,3.3333333333333335
108570,1,3.3333333333333335
108571,1,3.3333333333333335
108573,1,3.3333333333333335
108586,1,3.3333333333333335
108590,1,3.3333333333333335
108591,1,3.3333333333333335
108595,1,3.3333333333333335
108597,1,3.3333333333333335
108598,1,3.3333333333333335
108599,1,3.3333333333333335
108602,1,3.3333333333333335
108623,1,3.3333333333333335
108629,1,3.3333333333333335
108633,1,3.3333333333333335
108635,1,3.3333333333333335
108638,1,3.3333333333333335
108643,1,3.3333333333333335
108660,1,3.3333333333333335
108662,1,3.3333333333333335
108664,1,3.3333333333333335
108675,1,3.3333333333333335
108679,1,3.3333333333333335
108684,1,3.3333333333333335
108688,1,3.3333333333333335
108689,1,3.3333333333333335
108692,1,3.3333333333333335
108695,1,3.3333333333333335
108716,1,3.3333333333333335
108717,1,3.3333333333333335
108728,1,3.3333333333333335
108730,1,3.3333333333333335
108743,1,3.3333333333333335
108745,1,3.3333333333333335
108773,1,3.3333333333333335
108778,1,3.3333333333333335
108783,1,3.3333333333333335
108786,1,3.3333333333333335
108789,1,3.3333333333333335
108790,1,3.3333333333333335
108794,1,3.3333333333333335
108804,1,3.3333333333333335
108808,1,3.3333333333333335
108811,1,3.3333333333333335
108814,1,3.3333333333333335
108832,1,3.3333333333333335
108839,1,3.3333333333333335
108848,1,3.3333333333333335
108849,1,3.3333333333333335
108857,1,3.3333333333333335
108870,1,3.3333333333333335
108873,1,3.3333333333333335
108876,1,3.3333333333333335
108879,1,3.3333333333333335
108880,1,3.3333333333333335
108881,1,3.3333333333333335
108883,1,3.3333333333333335
108894,1,3.3333333333333335
108907,1,3.3333333333333335
108908,1,3.3333333333333335
108913,1,3.3333333333333335
108917,1,3.3333333333333335
108923,1,3.3333333333333335
108933,1,3.3333333333333335
108943,1,3.3333333333333335
108944,1,3.3333333333333335
108949,1,3.3333333333333335
108965,1,3.3333333333333335
108968,1,3.3333333333333335
108983,1,3.3333333333333335
108989,1,3.3333333333333335
108994,1,3.3333333333333335
109013,1,3.3333333333333335
109027,1,3.3333333333333335
109028,1,3.3333333333333335
109039,1,3.3333333333333335
109044,1,3.3333333333333335
109052,1,3.3333333333333335
109055,1,3.3333333333333335
109065,1,3.3333333333333335
109066,1,3.3333333333333335
109086,1,3.3333333333333335
109090,1,3.3333333333333335
109092,1,3.3333333333333335
109102,1,3.3333333333333335
109112,1,3.3333333333333335
109117,1,3.3333333333333335
109128,1,3.3333333333333335
109129,1,3.3333333333333335
109132,1,3.3333333333333335
109136,1,3.3333333333333335
109137,1,3.3333333333333335
109141,1,3.3333333333333335
109148,1,3.3333333333333335
109166,1,3.3333333333333335
109174,1,3.3333333333333335
109175,1,3.3333333333333335
109188,1,3.3333333333333335
109204,1,3.3333333333333335
109214,1,3.3333333333333335
109215,1,3.3333333333333335
109222,1,3.3333333333333335
109224,1,3.3333333333333335
109232,1,3.3333333333333335
109237,1,3.3333333333333335
109238,1,3.3333333333333335
109239,1,3.3333333333333335
109244,1,3.3333333333333335
109257,1,3.3333333333333335
109261,1,3.3333333333333335
109262,1,3.3333333333333335
109270,1,3.3333333333333335
109275,1,3.3333333333333335
109289,1,3.3333333333333335
109291,1,3.3333333333333335
109292,1,3.3333333333333335
109301,1,3.3333333333333335
109305,1,3.3333333333333335
109306,1,3.3333333333333335
109307,1,3.3333333333333335
109311,1,3.3333333333333335
109320,1,3.3333333333333335
109325,1,3.3333333333333335
109330,1,3.3333333333333335
109331,1,3.3333333333333335
109335,1,3.3333333333333335
109345,1,3.3333333333333335
109357,1,3.3333333333333335
109363,1,3.3333333333333335
109364,1,3.3333333333333335
109370,1,3.3333333333333335
109375,1,3.3333333333333335
109377,1,3.3333333333333335
109378,1,3.3333333333333335
109381,1,3.3333333333333335
109387,1,3.3333333333333335
109392,1,3.3333333333333335
109395,1,3.3333333333333335
109396,1,3.3333333333333335
109404,1,3.3333333333333335
109408,1,3.3333333333333335
109412,1,3.3333333333333335
109430,1,3.3333333333333335
109444,1,3.3333333333333335
109449,1,3.3333333333333335
109451,1,3.3333333333333335
109452,1,3.3333333333333335
109470,1,3.3333333333333335
109478,1,3.3333333333333335
109480,1,3.3333333333333335
109486,1,3.3333333333333335
109489,1,3.3333333333333335
109490,1,3.3333333333333335
109504,1,3.3333333333333335
109509,1,3.3333333333333335
109510,1,3.3333333333333335
109520,1,3.3333333333333335
109523,1,3.3333333333333335
109525,1,3.3333333333333335
109536,1,3.3333333333333335
109538,1,3.3333333333333335
109540,1,3.3333333333333335
109551,1,3.3333333333333335
109555,1,3.3333333333333335
109556,1,3.3333333333333335
109559,1,3.3333333333333335
109565,1,3.3333333333333335
109569,1,3.3333333333333335
109574,1,3.3333333333333335
109578,1,3.3333333333333335
109592,1,3.3333333333333335
109599,1,3.3333333333333335
109605,1,3.3333333333333335
109606,1,3.3333333333333335
109623,1,3.3333333333333335
109625,1,3.3333333333333335
109627,1,3.3333333333333335
109635,1,3.3333333333333335
109644,1,3.3333333333333335
109647,1,3.3333333333333335
109665,1,3.3333333333333335
109669,1,3.3333333333333335
109679,1,3.3333333333333335
109691,1,3.3333333333333335
109693,1,3.3333333333333335
109695,1,3.3333333333333335
109712,1,3.3333333333333335
109722,1,3.3333333333333335
109726,1,3.3333333333333335
109729,1,3.3333333333333335
109739,1,3.3333333333333335
109748,1,3.3333333333333335
109755,1,3.3333333333333335
109762,1,3.3333333333333335
109765,1,3.3333333333333335
109766,1,3.3333333333333335
109768,1,3.3333333333333335
109769,1,3.3333333333333335
109788,1,3.3333333333333335
109796,1,3.3333333333333335
109800,1,3.3333333333333335
109820,1,3.3333333333333335
109851,1,3.3333333333333335
109859,1,3.3333333333333335
109861,1,3.3333333333333335
109867,1,3.3333333333333335
109875,1,3.3333333333333335
109879,1,3.3333333333333335
109882,1,3.3333333333333335
109887,1,3.3333333333333335
109893,1,3.3333333333333335
109902,1,3.3333333333333335
109904,1,3.3333333333333335
109912,1,3.3333333333333335
109914,1,3.3333333333333335
109921,1,3.3333333333333335
109924,1,3.3333333333333335
109925,1,3.3333333333333335
109932,1,3.3333333333333335
109933,1,3.3333333333333335
109934,1,3.3333333333333335
109942,1,3.3333333333333335
109948,1,3.3333333333333335
109950,1,3.3333333333333335
109952,1,3.3333333333333335
109956,1,3.3333333333333335
109972,1,3.3333333333333335
109976,1,3.3333333333333335
109984,1,3.3333333333333335
109986,1,3.3333333333333335
109993,1,3.3333333333333335
110001,1,3.3333333333333335
110015,1,3.3333333333333335
110017,1,3.3333333333333335
110021,1,3.3333333333333335
110022,1,3.3333333333333335
110033,1,3.3333333333333335
110034,1,3.3333333333333335
110037,1,3.3333333333333335
110047,1,3.3333333333333335
110049,1,3.3333333333333335
110052,1,3.3333333333333335
110073,1,3.3333333333333335
110078,1,3.3333333333333335
110094,1,3.3333333333333335
110095,1,3.3333333333333335
110096,1,3.3333333333333335
110097,1,3.3333333333333335
110098,1,3.3333333333333335
110111,1,3.3333333333333335
110112,1,3.3333333333333335
110116,1,3.3333333333333335
110117,1,3.3333333333333335
110121,1,3.3333333333333335
110122,1,3.3333333333333335
110127,1,3.3333333333333335
110144,1,3.3333333333333335
110146,1,3.3333333333333335
110147,1,3.3333333333333335
110149,1,3.3333333333333335
110158,1,3.3333333333333335
110159,1,3.3333333333333335
110168,1,3.3333333333333335
110173,1,3.3333333333333335
110174,1,3.3333333333333335
110177,1,3.3333333333333335
110180,1,3.3333333333333335
110189,1,3.3333333333333335
110192,1,3.3333333333333335
110194,1,3.3333333333333335
110205,1,3.3333333333333335
110208,1,3.3333333333333335
110212,1,3.3333333333333335
110213,1,3.3333333333333335
110225,1,3.3333333333333335
110239,1,3.3333333333333335
110245,1,3.3333333333333335
110249,1,3.3333333333333335
110250,1,3.3333333333333335
110261,1,3.3333333333333335
110263,1,3.3333333333333335
110267,1,3.3333333333333335
110268,1,3.3333333333333335
110269,1,3.3333333333333335
110286,1,3.3333333333333335
110287,1,3.3333333333333335
110291,1,3.3333333333333335
110295,1,3.3333333333333335
110299,1,3.3333333333333335
110306,1,3.3333333333333335
110307,1,3.3333333333333335
110308,1,3.3333333333333335
110309,1,3.3333333333333335
110310,1,3.3333333333333335
110311,1,3.3333333333333335
110330,1,3.3333333333333335
110332,1,3.3333333333333335
110337,1,3.3333333333333335
110345,1,3.3333333333333335
110348,1,3.3333333333333335
110355,1,3.3333333333333335
110361,1,3.3333333333333335
110367,1,3.3333333333333335
110368,1,3.3333333333333335
110370,1,3.3333333333333335
110379,1,3.3333333333333335
110385,1,3.3333333333333335
110386,1,3.3333333333333335
110390,1,3.3333333333333335
110392,1,3.3333333333333335
110393,1,3.3333333333333335
110395,1,3.3333333333333335
110398,1,3.3333333333333335
110402,1,3.3333333333333335
110406,1,3.3333333333333335
110411,1,3.3333333333333335
110415,1,3.3333333333333335
110417,1,3.3333333333333335
110418,1,3.3333333333333335
110419,1,3.3333333333333335
110420,1,3.3333333333333335
110424,1,3.3333333333333335
110431,1,3.3333333333333335
110433,1,3.3333333333333335
110437,1,3.3333333333333335
110441,1,3.3333333333333335
110455,1,3.3333333333333335
110460,1,3.3333333333333335
110461,1,3.3333333333333335
110467,1,3.3333333333333335
110469,1,3.3333333333333335
110470,1,3.3333333333333335
110481,1,3.3333333333333335
110484,1,3.3333333333333335
110488,1,3.3333333333333335
110492,1,3.3333333333333335
110494,1,3.3333333333333335
110505,1,3.3333333333333335
110512,1,3.3333333333333335
110513,1,3.3333333333333335
110515,1,3.3333333333333335
110517,1,3.3333333333333335
110522,1,3.3333333333333335
110528,1,3.3333333333333335
110533,1,3.3333333333333335
110536,1,3.3333333333333335
110538,1,3.3333333333333335
110559,1,3.3333333333333335
110574,1,3.3333333333333335
110576,1,3.3333333333333335
110583,1,3.3333333333333335
110584,1,3.3333333333333335
110585,1,3.3333333333333335
110587,1,3.3333333333333335
110589,1,3.3333333333333335
110594,1,3.3333333333333335
110609,1,3.3333333333333335
110611,1,3.3333333333333335
110614,1,3.3333333333333335
110623,1,3.3333333333333335
110625,1,3.3333333333333335
110630,1,3.3333333333333335
110633,1,3.3333333333333335
110639,1,3.3333333333333335
110641,1,3.3333333333333335
110654,1,3.3333333333333335
110655,1,3.3333333333333335
110661,1,3.3333333333333335
110673,1,3.3333333333333335
110675,1,3.3333333333333335
110680,1,3.3333333333333335
110685,1,3.3333333333333335
110687,1,3.3333333333333335
110688,1,3.3333333333333335
110689,1,3.3333333333333335
110703,1,3.3333333333333335
110706,1,3.3333333333333335
110710,1,3.3333333333333335
110713,1,3.3333333333333335
110718,1,3.3333333333333335
110722,1,3.3333333333333335
110723,1,3.3333333333333335
110725,1,3.3333333333333335
110726,1,3.3333333333333335
110744,1,3.3333333333333335
110761,1,3.3333333333333335
110768,1,3.3333333333333335
110771,1,3.3333333333333335
110772,1,3.3333333333333335
110776,1,3.3333333333333335
110779,1,3.3333333333333335
110784,1,3.3333333333333335
110801,1,3.3333333333333335
110826,1,3.3333333333333335
110831,1,3.3333333333333335
110833,1,3.3333333333333335
110838,1,3.3333333333333335
110840,1,3.3333333333333335
110842,1,3.3333333333333335
110854,1,3.3333333333333335
110867,1,3.3333333333333335
110868,1,3.3333333333333335
110869,1,3.3333333333333335
110872,1,3.3333333333333335
110904,1,3.3333333333333335
110905,1,3.3333333333333335
110914,1,3.3333333333333335
110924,1,3.3333333333333335
110931,1,3.3333333333333335
110932,1,3.3333333333333335
110937,1,3.3333333333333335
110940,1,3.3333333333333335
110954,1,3.3333333333333335
110962,1,3.3333333333333335
110980,1,3.3333333333333335
110991,1,3.3333333333333335
110996,1,3.3333333333333335
110999,1,3.3333333333333335
111000,1,3.3333333333333335
111006,1,3.3333333333333335
111009,1,3.3333333333333335
111022,1,3.3333333333333335
111039,1,3.3333333333333335
111045,1,3.3333333333333335
111046,1,3.3333333333333335
111049,1,3.3333333333333335
111053,1,3.3333333333333335
111062,1,3.3333333333333335
111063,1,3.3333333333333335
111072,1,3.3333333333333335
111074,1,3.3333333333333335
111101,1,3.3333333333333335
111105,1,3.3333333333333335
111106,1,3.3333333333333335
111109,1,3.3333333333333335
111116,1,3.3333333333333335
111129,1,3.3333333333333335
111131,1,3.3333333333333335
111141,1,3.3333333333333335
111151,1,3.3333333333333335
111153,1,3.3333333333333335
111154,1,3.3333333333333335
111155,1,3.3333333333333335
111158,1,3.3333333333333335
111169,1,3.3333333333333335
111175,1,3.3333333333333335
111189,1,3.3333333333333335
111199,1,3.3333333333333335
111203,1,3.3333333333333335
111204,1,3.3333333333333335
111214,1,3.3333333333333335
111219,1,3.3333333333333335
111229,1,3.3333333333333335
111234,1,3.3333333333333335
111235,1,3.3333333333333335
111237,1,3.3333333333333335
111239,1,3.3333333333333335
111243,1,3.3333333333333335
111245,1,3.3333333333333335
111252,1,3.3333333333333335
111253,1,3.3333333333333335
111258,1,3.3333333333333335
111261,1,3.3333333333333335
111271,1,3.3333333333333335
111272,1,3.3333333333333335
111275,1,3.3333333333333335
111276,1,3.3333333333333335
111279,1,3.3333333333333335
111283,1,3.3333333333333335
111286,1,3.3333333333333335
111287,1,3.3333333333333335
111292,1,3.3333333333333335
111297,1,3.3333333333333335
111298,1,3.3333333333333335
111301,1,3.3333333333333335
111303,1,3.3333333333333335
111306,1,3.3333333333333335
111308,1,3.3333333333333335
111318,1,3.3333333333333335
111324,1,3.3333333333333335
111327,1,3.3333333333333335
111331,1,3.3333333333333335
111342,1,3.3333333333333335
111344,1,3.3333333333333335
111349,1,3.3333333333333335
111357,1,3.3333333333333335
111359,1,3.3333333333333335
111364,1,3.3333333333333335
111374,1,3.3333333333333335
111375,1,3.3333333333333335
111376,1,3.3333333333333335
111378,1,3.3333333333333335
111391,1,3.3333333333333335
111392,1,3.3333333333333335
111398,1,3.3333333333333335
111400,1,3.3333333333333335
111402,1,3.3333333333333335
111405,1,3.3333333333333335
111414,1,3.3333333333333335
111415,1,3.3333333333333335
111418,1,3.3333333333333335
111424,1,3.3333333333333335
111425,1,3.3333333333333335
111426,1,3.3333333333333335
111436,1,3.3333333333333335
111445,1,3.3333333333333335
111462,1,3.3333333333333335
111466,1,3.3333333333333335
111472,1,3.3333333333333335
111476,1,3.3333333333333335
111481,1,3.3333333333333335
111484,1,3.3333333333333335
111497,1,3.3333333333333335
111502,1,3.3333333333333335
111503,1,3.3333333333333335
111505,1,3.3333333333333335
111506,1,3.3333333333333335
111507,1,3.3333333333333335
111510,1,3.3333333333333335
111529,1,3.3333333333333335
111534,1,3.3333333333333335
111546,1,3.3333333333333335
111548,1,3.3333333333333335
111555,1,3.3333333333333335
111563,1,3.3333333333333335
111564,1,3.3333333333333335
111574,1,3.3333333333333335
111575,1,3.3333333333333335
111576,1,3.3333333333333335
111584,1,3.3333333333333335
111595,1,3.3333333333333335
111597,1,3.3333333333333335
111604,1,3.3333333333333335
111605,1,3.3333333333333335
111607,1,3.3333333333333335
111615,1,3.3333333333333335
111624,1,3.3333333333333335
111630,1,3.3333333333333335
111631,1,3.3333333333333335
111636,1,3.3333333333333335
111642,1,3.3333333333333335
111643,1,3.3333333333333335
111649,1,3.3333333333333335
111660,1,3.3333333333333335
111665,1,3.3333333333333335
111670,1,3.3333333333333335
111685,1,3.3333333333333335
111691,1,3.3333333333333335
111696,1,3.3333333333333335
111703,1,3.3333333333333335
111711,1,3.3333333333333335
111713,1,3.3333333333333335
111714,1,3.3333333333333335
111720,1,3.3333333333333335
111731,1,3.3333333333333335
111735,1,3.3333333333333335
111737,1,3.3333333333333335
111740,1,3.3333333333333335
123345,1,3.3333333333333335
111751,1,3.3333333333333335
111756,1,3.3333333333333335
111758,1,3.3333333333333335
111760,1,3.3333333333333335
111764,1,3.3333333333333335
111766,1,3.3333333333333335
111778,1,3.3333333333333335
111781,1,3.3333333333333335
111791,1,3.3333333333333335
111794,1,3.3333333333333335
111806,1,3.3333333333333335
111807,1,3.3333333333333335
111819,1,3.3333333333333335
111822,1,3.3333333333333335
111824,1,3.3333333333333335
111826,1,3.3333333333333335
111827,1,3.3333333333333335
111831,1,3.3333333333333335
111851,1,3.3333333333333335
111854,1,3.3333333333333335
111865,1,3.3333333333333335
111872,1,3.3333333333333335
111882,1,3.3333333333333335
111890,1,3.3333333333333335
111895,1,3.3333333333333335
111898,1,3.3333333333333335
111901,1,3.3333333333333335
111902,1,3.3333333333333335
111904,1,3.3333333333333335
111928,1,3.3333333333333335
111930,1,3.3333333333333335
111931,1,3.3333333333333335
111933,1,3.3333333333333335
111935,1,3.3333333333333335
111955,1,3.3333333333333335
111957,1,3.3333333333333335
111961,1,3.3333333333333335
111962,1,3.3333333333333335
111970,1,3.3333333333333335
111971,1,3.3333333333333335
111980,1,3.3333333333333335
111982,1,3.3333333333333335
111997,1,3.3333333333333335
112000,1,3.3333333333333335
112013,1,3.3333333333333335
112014,1,3.3333333333333335
112015,1,3.3333333333333335
112022,1,3.3333333333333335
123343,1,3.3333333333333335
112031,1,3.3333333333333335
112037,1,3.3333333333333335
112044,1,3.3333333333333335
112048,1,3.3333333333333335
112049,1,3.3333333333333335
112050,1,3.3333333333333335
112051,1,3.3333333333333335
112052,1,3.3333333333333335
112056,1,3.3333333333333335
112059,1,3.3333333333333335
112062,1,3.3333333333333335
112068,1,3.3333333333333335
100085,1,3.3333333333333335
112085,1,3.3333333333333335
123454,1,3.3333333333333335
112087,1,3.3333333333333335
112091,1,3.3333333333333335
112100,1,3.3333333333333335
112101,1,3.3333333333333335
112103,1,3.3333333333333335
112104,1,3.3333333333333335
112105,1,3.3333333333333335
112110,1,3.3333333333333335
112115,1,3.3333333333333335
112116,1,3.3333333333333335
112119,1,3.3333333333333335
112127,1,3.3333333333333335
112133,1,3.3333333333333335
112139,1,3.3333333333333335
112142,1,3.3333333333333335
112144,1,3.3333333333333335
112145,1,3.3333333333333335
112151,1,3.3333333333333335
112153,1,3.3333333333333335
112156,1,3.3333333333333335
112157,1,3.3333333333333335
112158,1,3.3333333333333335
112164,1,3.3333333333333335
112168,1,3.3333333333333335
112176,1,3.3333333333333335
112181,1,3.3333333333333335
112188,1,3.3333333333333335
112189,1,3.3333333333333335
112194,1,3.3333333333333335
112195,1,3.3333333333333335
112210,1,3.3333333333333335
112218,1,3.3333333333333335
112224,1,3.3333333333333335
112228,1,3.3333333333333335
100005,1,3.3333333333333335
112233,1,3.3333333333333335
112248,1,3.3333333333333335
112249,1,3.3333333333333335
112264,1,3.3333333333333335
112269,1,3.3333333333333335
112278,1,3.3333333333333335
112295,1,3.3333333333333335
112302,1,3.3333333333333335
112308,1,3.3333333333333335
112312,1,3.3333333333333335
112324,1,3.3333333333333335
112327,1,3.3333333333333335
112330,1,3.3333333333333335
112339,1,3.3333333333333335
112340,1,3.3333333333333335
112345,1,3.3333333333333335
112353,1,3.3333333333333335
112365,1,3.3333333333333335
112367,1,3.3333333333333335
112368,1,3.3333333333333335
112375,1,3.3333333333333335
112378,1,3.3333333333333335
112384,1,3.3333333333333335
112395,1,3.3333333333333335
112411,1,3.3333333333333335
100007,1,3.3333333333333335
112416,1,3.3333333333333335
112417,1,3.3333333333333335
112418,1,3.3333333333333335
112421,1,3.3333333333333335
112425,1,3.3333333333333335
112435,1,3.3333333333333335
112438,1,3.3333333333333335
112441,1,3.3333333333333335
112443,1,3.3333333333333335
112447,1,3.3333333333333335
112449,1,3.3333333333333335
112455,1,3.3333333333333335
112458,1,3.3333333333333335
100022,1,3.3333333333333335
112460,1,3.3333333333333335
112466,1,3.3333333333333335
112475,1,3.3333333333333335
112486,1,3.3333333333333335
100033,1,3.3333333333333335
112492,1,3.3333333333333335
112504,1,3.3333333333333335
112515,1,3.3333333333333335
112518,1,3.3333333333333335
112526,1,3.3333333333333335
100042,1,3.3333333333333335
112533,1,3.3333333333333335
112535,1,3.3333333333333335
112536,1,3.3333333333333335
112538,1,3.3333333333333335
112539,1,3.3333333333333335
112540,1,3.3333333333333335
112544,1,3.3333333333333335
100043,1,3.3333333333333335
112547,1,3.3333333333333335
112561,1,3.3333333333333335
112562,1,3.3333333333333335
112569,1,3.3333333333333335
100049,1,3.3333333333333335
112589,1,3.3333333333333335
112593,1,3.3333333333333335
112596,1,3.3333333333333335
112601,1,3.3333333333333335
112625,1,3.3333333333333335
112628,1,3.3333333333333335
112640,1,3.3333333333333335
112643,1,3.3333333333333335
112650,1,3.3333333333333335
112651,1,3.3333333333333335
100052,1,3.3333333333333335
100054,1,3.3333333333333335
112656,1,3.3333333333333335
112658,1,3.3333333333333335
112663,1,3.3333333333333335
112665,1,3.3333333333333335
100067,1,3.3333333333333335
112679,1,3.3333333333333335
112685,1,3.3333333333333335
112687,1,3.3333333333333335
112691,1,3.3333333333333335
112692,1,3.3333333333333335
112749,1,3.3333333333333335
123235,1,3.3333333333333335
112752,1,3.3333333333333335
112753,1,3.3333333333333335
112754,1,3.3333333333333335
112757,1,3.3333333333333335
112765,1,3.3333333333333335
112766,1,3.3333333333333335
112769,1,3.3333333333333335
100091,1,3.3333333333333335
112786,1,3.3333333333333335
112788,1,3.3333333333333335
112789,1,3.3333333333333335
112796,1,3.3333333333333335
112806,1,3.3333333333333335
100093,1,3.3333333333333335
112820,1,3.3333333333333335
112821,1,3.3333333333333335
112826,1,3.3333333333333335
112827,1,3.3333333333333335
112832,1,3.3333333333333335
112834,1,3.3333333333333335
100096,1,3.3333333333333335
100100,1,3.3333333333333335
112841,1,3.3333333333333335
112842,1,3.3333333333333335
112848,1,3.3333333333333335
112853,1,3.3333333333333335
112855,1,3.3333333333333335
112860,1,3.3333333333333335
112861,1,3.3333333333333335
112862,1,3.3333333333333335
112864,1,3.3333333333333335
112866,1,3.3333333333333335
112870,1,3.3333333333333335
112872,1,3.3333333333333335
112882,1,3.3333333333333335
112885,1,3.3333333333333335
112895,1,3.3333333333333335
100110,1,3.3333333333333335
112903,1,3.3333333333333335
112904,1,3.3333333333333335
112912,1,3.3333333333333335
112916,1,3.3333333333333335
112934,1,3.3333333333333335
112938,1,3.3333333333333335
112944,1,3.3333333333333335
112950,1,3.3333333333333335
112952,1,3.3333333333333335
112955,1,3.3333333333333335
112960,1,3.3333333333333335
112966,1,3.3333333333333335
112985,1,3.3333333333333335
112987,1,3.3333333333333335
112990,1,3.3333333333333335
112993,1,3.3333333333333335
112995,1,3.3333333333333335
113004,1,3.3333333333333335
113008,1,3.3333333333333335
113011,1,3.3333333333333335
113015,1,3.3333333333333335
113016,1,3.3333333333333335
113018,1,3.3333333333333335
113026,1,3.3333333333333335
113033,1,3.3333333333333335
113038,1,3.3333333333333335
113039,1,3.3333333333333335
100130,1,3.3333333333333335
113057,1,3.3333333333333335
113061,1,3.3333333333333335
113063,1,3.3333333333333335
113076,1,3.3333333333333335
113077,1,3.3333333333333335
113078,1,3.3333333333333335
113083,1,3.3333333333333335
113089,1,3.3333333333333335
100131,1,3.3333333333333335
100138,1,3.3333333333333335
113096,1,3.3333333333333335
113097,1,3.3333333333333335
113102,1,3.3333333333333335
100144,1,3.3333333333333335
113106,1,3.3333333333333335
113107,1,3.3333333333333335
113108,1,3.3333333333333335
113116,1,3.3333333333333335
100146,1,3.3333333333333335
100149,1,3.3333333333333335
113124,1,3.3333333333333335
113127,1,3.3333333333333335
100153,1,3.3333333333333335
113137,1,3.3333333333333335
113140,1,3.3333333333333335
113146,1,3.3333333333333335
113162,1,3.3333333333333335
113169,1,3.3333333333333335
113180,1,3.3333333333333335
113200,1,3.3333333333333335
113203,1,3.3333333333333335
113205,1,3.3333333333333335
113206,1,3.3333333333333335
113211,1,3.3333333333333335
113213,1,3.3333333333333335
100157,1,3.3333333333333335
113220,1,3.3333333333333335
113222,1,3.3333333333333335
113230,1,3.3333333333333335
113240,1,3.3333333333333335
113254,1,3.3333333333333335
113256,1,3.3333333333333335
113265,1,3.3333333333333335
113273,1,3.3333333333333335
113281,1,3.3333333333333335
113283,1,3.3333333333333335
113288,1,3.3333333333333335
113293,1,3.3333333333333335
113299,1,3.3333333333333335
113302,1,3.3333333333333335
113303,1,3.3333333333333335
113308,1,3.3333333333333335
100159,1,3.3333333333333335
113316,1,3.3333333333333335
113324,1,3.3333333333333335
113331,1,3.3333333333333335
113333,1,3.3333333333333335
113340,1,3.3333333333333335
113347,1,3.3333333333333335
113349,1,3.3333333333333335
113353,1,3.3333333333333335
113366,1,3.3333333333333335
113382,1,3.3333333333333335
113386,1,3.3333333333333335
113392,1,3.3333333333333335
113396,1,3.3333333333333335
113405,1,3.3333333333333335
113410,1,3.3333333333333335
113415,1,3.3333333333333335
113426,1,3.3333333333333335
113429,1,3.3333333333333335
113435,1,3.3333333333333335
100073,1,3.3333333333333335
113446,1,3.3333333333333335
113447,1,3.3333333333333335
113448,1,3.3333333333333335
113451,1,3.3333333333333335
113453,1,3.3333333333333335
113454,1,3.3333333333333335
113455,1,3.3333333333333335
113459,1,3.3333333333333335
113465,1,3.3333333333333335
113473,1,3.3333333333333335
100178,1,3.3333333333333335
100183,1,3.3333333333333335
113493,1,3.3333333333333335
113494,1,3.3333333333333335
113497,1,3.3333333333333335
113505,1,3.3333333333333335
113510,1,3.3333333333333335
113513,1,3.3333333333333335
113519,1,3.3333333333333335
113523,1,3.3333333333333335
113526,1,3.3333333333333335
113536,1,3.3333333333333335
113538,1,3.3333333333333335
113542,1,3.3333333333333335
113555,1,3.3333333333333335
113558,1,3.3333333333333335
113564,1,3.3333333333333335
113570,1,3.3333333333333335
100184,1,3.3333333333333335
113584,1,3.3333333333333335
113590,1,3.3333333333333335
113598,1,3.3333333333333335
113600,1,3.3333333333333335
100185,1,3.3333333333333335
113603,1,3.3333333333333335
113613,1,3.3333333333333335
113615,1,3.3333333333333335
113616,1,3.3333333333333335
113622,1,3.3333333333333335
113623,1,3.3333333333333335
113635,1,3.3333333333333335
113636,1,3.3333333333333335
113638,1,3.3333333333333335
113650,1,3.3333333333333335
113661,1,3.3333333333333335
113662,1,3.3333333333333335
113668,1,3.3333333333333335
113675,1,3.3333333333333335
113677,1,3.3333333333333335
113678,1,3.3333333333333335
113680,1,3.3333333333333335
113682,1,3.3333333333333335
113685,1,3.3333333333333335
113687,1,3.3333333333333335
113707,1,3.3333333333333335
100191,1,3.3333333333333335
113713,1,3.3333333333333335
113718,1,3.3333333333333335
100202,1,3.3333333333333335
100203,1,3.3333333333333335
113728,1,3.3333333333333335
113736,1,3.3333333333333335
113741,1,3.3333333333333335
100207,1,3.3333333333333335
113755,1,3.3333333333333335
113762,1,3.3333333333333335
113763,1,3.3333333333333335
113773,1,3.3333333333333335
100210,1,3.3333333333333335
100216,1,3.3333333333333335
113796,1,3.3333333333333335
100217,1,3.3333333333333335
113802,1,3.3333333333333335
113804,1,3.3333333333333335
113815,1,3.3333333333333335
113822,1,3.3333333333333335
113823,1,3.3333333333333335
113825,1,3.3333333333333335
113835,1,3.3333333333333335
113837,1,3.3333333333333335
113843,1,3.3333333333333335
100226,1,3.3333333333333335
113850,1,3.3333333333333335
113853,1,3.3333333333333335
113856,1,3.3333333333333335
113865,1,3.3333333333333335
113866,1,3.3333333333333335
113871,1,3.3333333333333335
113873,1,3.3333333333333335
113879,1,3.3333333333333335
113889,1,3.3333333333333335
113891,1,3.3333333333333335
100236,1,3.3333333333333335
113896,1,3.3333333333333335
113900,1,3.3333333333333335
113903,1,3.3333333333333335
100245,1,3.3333333333333335
113912,1,3.3333333333333335
113919,1,3.3333333333333335
113924,1,3.3333333333333335
113931,1,3.3333333333333335
113938,1,3.3333333333333335
113946,1,3.3333333333333335
113947,1,3.3333333333333335
113956,1,3.3333333333333335
113959,1,3.3333333333333335
113965,1,3.3333333333333335
113968,1,3.3333333333333335
113977,1,3.3333333333333335
113979,1,3.3333333333333335
113990,1,3.3333333333333335
100249,1,3.3333333333333335
114001,1,3.3333333333333335
114004,1,3.3333333333333335
114015,1,3.3333333333333335
114016,1,3.3333333333333335
114017,1,3.3333333333333335
114028,1,3.3333333333333335
114029,1,3.3333333333333335
114040,1,3.3333333333333335
114050,1,3.3333333333333335
114052,1,3.3333333333333335
114054,1,3.3333333333333335
114070,1,3.3333333333333335
114084,1,3.3333333333333335
114091,1,3.3333333333333335
114092,1,3.3333333333333335
114093,1,3.3333333333333335
114096,1,3.3333333333333335
114099,1,3.3333333333333335
114107,1,3.3333333333333335
114115,1,3.3333333333333335
114121,1,3.3333333333333335
114132,1,3.3333333333333335
114133,1,3.3333333333333335
114137,1,3.3333333333333335
114138,1,3.3333333333333335
114140,1,3.3333333333333335
114145,1,3.3333333333333335
114154,1,3.3333333333333335
114155,1,3.3333333333333335
114156,1,3.3333333333333335
114161,1,3.3333333333333335
114164,1,3.3333333333333335
114165,1,3.3333333333333335
114170,1,3.3333333333333335
114172,1,3.3333333333333335
114198,1,3.3333333333333335
114199,1,3.3333333333333335
114205,1,3.3333333333333335
114208,1,3.3333333333333335
114210,1,3.3333333333333335
114214,1,3.3333333333333335
114220,1,3.3333333333333335
114224,1,3.3333333333333335
114229,1,3.3333333333333335
114238,1,3.3333333333333335
114241,1,3.3333333333333335
114249,1,3.3333333333333335
100252,1,3.3333333333333335
100255,1,3.3333333333333335
114268,1,3.3333333333333335
114269,1,3.3333333333333335
114274,1,3.3333333333333335
114285,1,3.3333333333333335
114287,1,3.3333333333333335
114288,1,3.3333333333333335
114289,1,3.3333333333333335
114293,1,3.3333333333333335
114295,1,3.3333333333333335
114301,1,3.3333333333333335
114310,1,3.3333333333333335
114311,1,3.3333333333333335
114325,1,3.3333333333333335
114332,1,3.3333333333333335
114342,1,3.3333333333333335
100263,1,3.3333333333333335
114352,1,3.3333333333333335
100266,1,3.3333333333333335
114373,1,3.3333333333333335
114379,1,3.3333333333333335
114383,1,3.3333333333333335
100268,1,3.3333333333333335
114395,1,3.3333333333333335
114396,1,3.3333333333333335
114405,1,3.3333333333333335
114408,1,3.3333333333333335
100272,1,3.3333333333333335
114413,1,3.3333333333333335
114416,1,3.3333333333333335
114426,1,3.3333333333333335
114430,1,3.3333333333333335
114444,1,3.3333333333333335
100273,1,3.3333333333333335
114449,1,3.3333333333333335
114450,1,3.3333333333333335
114474,1,3.3333333333333335
114478,1,3.3333333333333335
100276,1,3.3333333333333335
114490,1,3.3333333333333335
114495,1,3.3333333333333335
114497,1,3.3333333333333335
100280,1,3.3333333333333335
114503,1,3.3333333333333335
114506,1,3.3333333333333335
114510,1,3.3333333333333335
114513,1,3.3333333333333335
114518,1,3.3333333333333335
114519,1,3.3333333333333335
114525,1,3.3333333333333335
114530,1,3.3333333333333335
114533,1,3.3333333333333335
114535,1,3.3333333333333335
114540,1,3.3333333333333335
114545,1,3.3333333333333335
100282,1,3.3333333333333335
114564,1,3.3333333333333335
100284,1,3.3333333333333335
114574,1,3.3333333333333335
114575,1,3.3333333333333335
114581,1,3.3333333333333335
114597,1,3.3333333333333335
114600,1,3.3333333333333335
114606,1,3.3333333333333335
114611,1,3.3333333333333335
114613,1,3.3333333333333335
114617,1,3.3333333333333335
114619,1,3.3333333333333335
114621,1,3.3333333333333335
100297,1,3.3333333333333335
100300,1,3.3333333333333335
100305,1,3.3333333333333335
114645,1,3.3333333333333335
114657,1,3.3333333333333335
114675,1,3.3333333333333335
114681,1,3.3333333333333335
114683,1,3.3333333333333335
114686,1,3.3333333333333335
114689,1,3.3333333333333335
114691,1,3.3333333333333335
114692,1,3.3333333333333335
114693,1,3.3333333333333335
100306,1,3.3333333333333335
114701,1,3.3333333333333335
114702,1,3.3333333333333335
114720,1,3.3333333333333335
114721,1,3.3333333333333335
114722,1,3.3333333333333335
114723,1,3.3333333333333335
114735,1,3.3333333333333335
114737,1,3.3333333333333335
114745,1,3.3333333333333335
100308,1,3.3333333333333335
114755,1,3.3333333333333335
114757,1,3.3333333333333335
114763,1,3.3333333333333335
114765,1,3.3333333333333335
114775,1,3.3333333333333335
114784,1,3.3333333333333335
114785,1,3.3333333333333335
114786,1,3.3333333333333335
114800,1,3.3333333333333335
114803,1,3.3333333333333335
114807,1,3.3333333333333335
114810,1,3.3333333333333335
114819,1,3.3333333333333335
100310,1,3.3333333333333335
114834,1,3.3333333333333335
114836,1,3.3333333333333335
114837,1,3.3333333333333335
114839,1,3.3333333333333335
114845,1,3.3333333333333335
100314,1,3.3333333333333335
114857,1,3.3333333333333335
114860,1,3.3333333333333335
114866,1,3.3333333333333335
100319,1,3.3333333333333335
100322,1,3.3333333333333335
114872,1,3.3333333333333335
114876,1,3.3333333333333335
114878,1,3.3333333333333335
114880,1,3.3333333333333335
100329,1,3.3333333333333335
114894,1,3.3333333333333335
114896,1,3.3333333333333335
114898,1,3.3333333333333335
114900,1,3.3333333333333335
114905,1,3.3333333333333335
114907,1,3.3333333333333335
114921,1,3.3333333333333335
114922,1,3.3333333333333335
114925,1,3.3333333333333335
114931,1,3.3333333333333335
114936,1,3.3333333333333335
114938,1,3.3333333333333335
114947,1,3.3333333333333335
114956,1,3.3333333333333335
114957,1,3.3333333333333335
114970,1,3.3333333333333335
114972,1,3.3333333333333335
114982,1,3.3333333333333335
100330,1,3.3333333333333335
114989,1,3.3333333333333335
114990,1,3.3333333333333335
114996,1,3.3333333333333335
115004,1,3.3333333333333335
115011,1,3.3333333333333335
100332,1,3.3333333333333335
115016,1,3.3333333333333335
115044,1,3.3333333333333335
100333,1,3.3333333333333335
115057,1,3.3333333333333335
115058,1,3.3333333333333335
115060,1,3.3333333333333335
115063,1,3.3333333333333335
115069,1,3.3333333333333335
115076,1,3.3333333333333335
115079,1,3.3333333333333335
115084,1,3.3333333333333335
115087,1,3.3333333333333335
115092,1,3.3333333333333335
115094,1,3.3333333333333335
115097,1,3.3333333333333335
115103,1,3.3333333333333335
115114,1,3.3333333333333335
115124,1,3.3333333333333335
115125,1,3.3333333333333335
115132,1,3.3333333333333335
115133,1,3.3333333333333335
115136,1,3.3333333333333335
115148,1,3.3333333333333335
115149,1,3.3333333333333335
115152,1,3.3333333333333335
100353,1,3.3333333333333335
115161,1,3.3333333333333335
115162,1,3.3333333333333335
115170,1,3.3333333333333335
115182,1,3.3333333333333335
115184,1,3.3333333333333335
115185,1,3.3333333333333335
115187,1,3.3333333333333335
115195,1,3.3333333333333335
115199,1,3.3333333333333335
100356,1,3.3333333333333335
115214,1,3.3333333333333335
115216,1,3.3333333333333335
115228,1,3.3333333333333335
115229,1,3.3333333333333335
115234,1,3.3333333333333335
115236,1,3.3333333333333335
115238,1,3.3333333333333335
115244,1,3.3333333333333335
115245,1,3.3333333333333335
115247,1,3.3333333333333335
115251,1,3.3333333333333335
115256,1,3.3333333333333335
115260,1,3.3333333333333335
115263,1,3.3333333333333335
115264,1,3.3333333333333335
115273,1,3.3333333333333335
115276,1,3.3333333333333335
115285,1,3.3333333333333335
115295,1,3.3333333333333335
115296,1,3.3333333333333335
100357,1,3.3333333333333335
115311,1,3.3333333333333335
115318,1,3.3333333333333335
115329,1,3.3333333333333335
115337,1,3.3333333333333335
115338,1,3.3333333333333335
115351,1,3.3333333333333335
115360,1,3.3333333333333335
115363,1,3.3333333333333335
115364,1,3.3333333333333335
115365,1,3.3333333333333335
115376,1,3.3333333333333335
115379,1,3.3333333333333335
115398,1,3.3333333333333335
115399,1,3.3333333333333335
115400,1,3.3333333333333335
115408,1,3.3333333333333335
115419,1,3.3333333333333335
100361,1,3.3333333333333335
115428,1,3.3333333333333335
115437,1,3.3333333333333335
100365,1,3.3333333333333335
115441,1,3.3333333333333335
115443,1,3.3333333333333335
115446,1,3.3333333333333335
115457,1,3.3333333333333335
115458,1,3.3333333333333335
115460,1,3.3333333333333335
115466,1,3.3333333333333335
115472,1,3.3333333333333335
115476,1,3.3333333333333335
115483,1,3.3333333333333335
115485,1,3.3333333333333335
100374,1,3.3333333333333335
115494,1,3.3333333333333335
115501,1,3.3333333333333335
100386,1,3.3333333333333335
100396,1,3.3333333333333335
115509,1,3.3333333333333335
100398,1,3.3333333333333335
115525,1,3.3333333333333335
115526,1,3.3333333333333335
115527,1,3.3333333333333335
115530,1,3.3333333333333335
100409,1,3.3333333333333335
115536,1,3.3333333333333335
115537,1,3.3333333333333335
115550,1,3.3333333333333335
115552,1,3.3333333333333335
115566,1,3.3333333333333335
115570,1,3.3333333333333335
115579,1,3.3333333333333335
115583,1,3.3333333333333335
115584,1,3.3333333333333335
115585,1,3.3333333333333335
100412,1,3.3333333333333335
115591,1,3.3333333333333335
115596,1,3.3333333333333335
115598,1,3.3333333333333335
115602,1,3.3333333333333335
115605,1,3.3333333333333335
115608,1,3.3333333333333335
115621,1,3.3333333333333335
115625,1,3.3333333333333335
115630,1,3.3333333333333335
115632,1,3.3333333333333335
115633,1,3.3333333333333335
115643,1,3.3333333333333335
115644,1,3.3333333333333335
115653,1,3.3333333333333335
115654,1,3.3333333333333335
115656,1,3.3333333333333335
115660,1,3.3333333333333335
115671,1,3.3333333333333335
115684,1,3.3333333333333335
115686,1,3.3333333333333335
115689,1,3.3333333333333335
115696,1,3.3333333333333335
115708,1,3.3333333333333335
115713,1,3.3333333333333335
115714,1,3.3333333333333335
115715,1,3.3333333333333335
115716,1,3.3333333333333335
115718,1,3.3333333333333335
115723,1,3.3333333333333335
115725,1,3.3333333333333335
100418,1,3.3333333333333335
115756,1,3.3333333333333335
115764,1,3.3333333333333335
115773,1,3.3333333333333335
115784,1,3.3333333333333335
115792,1,3.3333333333333335
115802,1,3.3333333333333335
115806,1,3.3333333333333335
115807,1,3.3333333333333335
115815,1,3.3333333333333335
115830,1,3.3333333333333335
115831,1,3.3333333333333335
100419,1,3.3333333333333335
115839,1,3.3333333333333335
115840,1,3.3333333333333335
115844,1,3.3333333333333335
115849,1,3.3333333333333335
115857,1,3.3333333333333335
115861,1,3.3333333333333335
115869,1,3.3333333333333335
115871,1,3.3333333333333335
115877,1,3.3333333333333335
115880,1,3.3333333333333335
115883,1,3.3333333333333335
115886,1,3.3333333333333335
115887,1,3.3333333333333335
115893,1,3.3333333333333335
115900,1,3.3333333333333335
115901,1,3.3333333333333335
115903,1,3.3333333333333335
100420,1,3.3333333333333335
115911,1,3.3333333333333335
115919,1,3.3333333333333335
115921,1,3.3333333333333335
115932,1,3.3333333333333335
115935,1,3.3333333333333335
115938,1,3.3333333333333335
115940,1,3.3333333333333335
100421,1,3.3333333333333335
115947,1,3.3333333333333335
115948,1,3.3333333333333335
115951,1,3.3333333333333335
115957,1,3.3333333333333335
115964,1,3.3333333333333335
115972,1,3.3333333333333335
115986,1,3.3333333333333335
115987,1,3.3333333333333335
116001,1,3.3333333333333335
116003,1,3.3333333333333335
116007,1,3.3333333333333335
116013,1,3.3333333333333335
116015,1,3.3333333333333335
116018,1,3.3333333333333335
116034,1,3.3333333333333335
116035,1,3.3333333333333335
116037,1,3.3333333333333335
116042,1,3.3333333333333335
116043,1,3.3333333333333335
116044,1,3.3333333333333335
116050,1,3.3333333333333335
116051,1,3.3333333333333335
116053,1,3.3333333333333335
116057,1,3.3333333333333335
116058,1,3.3333333333333335
116060,1,3.3333333333333335
116062,1,3.3333333333333335
116069,1,3.3333333333333335
116072,1,3.3333333333333335
116077,1,3.3333333333333335
116080,1,3.3333333333333335
100425,1,3.3333333333333335
116102,1,3.3333333333333335
116115,1,3.3333333333333335
116116,1,3.3333333333333335
116120,1,3.3333333333333335
116137,1,3.3333333333333335
116144,1,3.3333333333333335
116150,1,3.3333333333333335
116151,1,3.3333333333333335
116153,1,3.3333333333333335
116157,1,3.3333333333333335
116159,1,3.3333333333333335
116166,1,3.3333333333333335
116172,1,3.3333333333333335
116178,1,3.3333333333333335
116179,1,3.3333333333333335
116182,1,3.3333333333333335
100429,1,3.3333333333333335
116190,1,3.3333333333333335
116191,1,3.3333333333333335
116193,1,3.3333333333333335
116197,1,3.3333333333333335
116209,1,3.3333333333333335
100430,1,3.3333333333333335
116215,1,3.3333333333333335
116226,1,3.3333333333333335
116231,1,3.3333333333333335
116234,1,3.3333333333333335
116247,1,3.3333333333333335
116251,1,3.3333333333333335
116258,1,3.3333333333333335
116260,1,3.3333333333333335
116264,1,3.3333333333333335
116265,1,3.3333333333333335
116273,1,3.3333333333333335
116276,1,3.3333333333333335
116277,1,3.3333333333333335
116294,1,3.3333333333333335
116295,1,3.3333333333333335
116300,1,3.3333333333333335
100446,1,3.3333333333333335
116317,1,3.3333333333333335
100456,1,3.3333333333333335
116328,1,3.3333333333333335
116329,1,3.3333333333333335
116332,1,3.3333333333333335
100463,1,3.3333333333333335
116339,1,3.3333333333333335
116340,1,3.3333333333333335
116354,1,3.3333333333333335
116358,1,3.3333333333333335
116374,1,3.3333333333333335
116376,1,3.3333333333333335
116382,1,3.3333333333333335
116389,1,3.3333333333333335
116395,1,3.3333333333333335
116404,1,3.3333333333333335
100465,1,3.3333333333333335
116426,1,3.3333333333333335
116429,1,3.3333333333333335
116430,1,3.3333333333333335
116433,1,3.3333333333333335
116434,1,3.3333333333333335
116439,1,3.3333333333333335
116448,1,3.3333333333333335
116450,1,3.3333333333333335
116452,1,3.3333333333333335
116455,1,3.3333333333333335
116456,1,3.3333333333333335
100467,1,3.3333333333333335
116473,1,3.3333333333333335
100470,1,3.3333333333333335
116495,1,3.3333333333333335
116505,1,3.3333333333333335
116514,1,3.3333333333333335
116516,1,3.3333333333333335
116519,1,3.3333333333333335
116542,1,3.3333333333333335
116544,1,3.3333333333333335
116547,1,3.3333333333333335
116550,1,3.3333333333333335
116559,1,3.3333333333333335
116560,1,3.3333333333333335
116564,1,3.3333333333333335
116572,1,3.3333333333333335
116585,1,3.3333333333333335
116587,1,3.3333333333333335
100476,1,3.3333333333333335
116594,1,3.3333333333333335
116601,1,3.3333333333333335
116614,1,3.3333333333333335
116616,1,3.3333333333333335
116624,1,3.3333333333333335
116644,1,3.3333333333333335
116648,1,3.3333333333333335
100477,1,3.3333333333333335
116654,1,3.3333333333333335
116662,1,3.3333333333333335
116668,1,3.3333333333333335
116687,1,3.3333333333333335
116689,1,3.3333333333333335
116692,1,3.3333333333333335
116695,1,3.3333333333333335
116698,1,3.3333333333333335
116699,1,3.3333333333333335
116701,1,3.3333333333333335
116706,1,3.3333333333333335
116707,1,3.3333333333333335
116711,1,3.3333333333333335
116717,1,3.3333333333333335
116722,1,3.3333333333333335
116742,1,3.3333333333333335
116743,1,3.3333333333333335
116752,1,3.3333333333333335
116754,1,3.3333333333333335
116755,1,3.3333333333333335
116757,1,3.3333333333333335
116762,1,3.3333333333333335
116773,1,3.3333333333333335
116775,1,3.3333333333333335
116783,1,3.3333333333333335
116785,1,3.3333333333333335
116786,1,3.3333333333333335
116792,1,3.3333333333333335
116794,1,3.3333333333333335
116807,1,3.3333333333333335
100486,1,3.3333333333333335
116809,1,3.3333333333333335
116810,1,3.3333333333333335
116816,1,3.3333333333333335
100491,1,3.3333333333333335
116829,1,3.3333333333333335
116830,1,3.3333333333333335
116832,1,3.3333333333333335
116836,1,3.3333333333333335
116838,1,3.3333333333333335
116840,1,3.3333333333333335
116848,1,3.3333333333333335
116867,1,3.3333333333333335
116870,1,3.3333333333333335
116881,1,3.3333333333333335
116890,1,3.3333333333333335
116892,1,3.3333333333333335
116896,1,3.3333333333333335
116913,1,3.3333333333333335
116920,1,3.3333333333333335
116925,1,3.3333333333333335
116932,1,3.3333333333333335
116945,1,3.3333333333333335
116952,1,3.3333333333333335
116953,1,3.3333333333333335
116969,1,3.3333333333333335
116975,1,3.3333333333333335
116978,1,3.3333333333333335
116984,1,3.3333333333333335
116996,1,3.3333333333333335
117011,1,3.3333333333333335
117017,1,3.3333333333333335
117021,1,3.3333333333333335
117031,1,3.3333333333333335
117040,1,3.3333333333333335
117056,1,3.3333333333333335
117062,1,3.3333333333333335
117065,1,3.3333333333333335
117071,1,3.3333333333333335
100495,1,3.3333333333333335
117077,1,3.3333333333333335
117082,1,3.3333333333333335
100499,1,3.3333333333333335
117087,1,3.3333333333333335
117091,1,3.3333333333333335
117098,1,3.3333333333333335
117102,1,3.3333333333333335
100501,1,3.3333333333333335
117106,1,3.3333333333333335
117107,1,3.3333333333333335
117109,1,3.3333333333333335
117117,1,3.3333333333333335
117128,1,3.3333333333333335
117129,1,3.3333333333333335
100502,1,3.3333333333333335
117138,1,3.3333333333333335
117143,1,3.3333333333333335
117147,1,3.3333333333333335
100503,1,3.3333333333333335
117149,1,3.3333333333333335
117150,1,3.3333333333333335
117157,1,3.3333333333333335
117165,1,3.3333333333333335
117166,1,3.3333333333333335
117174,1,3.3333333333333335
117176,1,3.3333333333333335
100504,1,3.3333333333333335
117201,1,3.3333333333333335
117204,1,3.3333333333333335
117209,1,3.3333333333333335
117210,1,3.3333333333333335
117213,1,3.3333333333333335
117228,1,3.3333333333333335
117245,1,3.3333333333333335
117246,1,3.3333333333333335
117247,1,3.3333333333333335
117250,1,3.3333333333333335
117260,1,3.3333333333333335
117264,1,3.3333333333333335
117267,1,3.3333333333333335
117271,1,3.3333333333333335
117272,1,3.3333333333333335
117275,1,3.3333333333333335
117286,1,3.3333333333333335
117287,1,3.3333333333333335
100521,1,3.3333333333333335
117303,1,3.3333333333333335
100522,1,3.3333333333333335
117309,1,3.3333333333333335
117321,1,3.3333333333333335
117323,1,3.3333333333333335
117324,1,3.3333333333333335
117325,1,3.3333333333333335
117335,1,3.3333333333333335
117348,1,3.3333333333333335
117354,1,3.3333333333333335
117359,1,3.3333333333333335
117362,1,3.3333333333333335
117363,1,3.3333333333333335
117366,1,3.3333333333333335
117373,1,3.3333333333333335
117374,1,3.3333333333333335
117381,1,3.3333333333333335
117384,1,3.3333333333333335
117387,1,3.3333333333333335
117390,1,3.3333333333333335
117392,1,3.3333333333333335
117396,1,3.3333333333333335
117403,1,3.3333333333333335
117411,1,3.3333333333333335
117437,1,3.3333333333333335
117444,1,3.3333333333333335
117446,1,3.3333333333333335
117448,1,3.3333333333333335
117449,1,3.3333333333333335
117460,1,3.3333333333333335
117465,1,3.3333333333333335
117468,1,3.3333333333333335
117475,1,3.3333333333333335
117479,1,3.3333333333333335
117494,1,3.3333333333333335
117496,1,3.3333333333333335
117498,1,3.3333333333333335
117503,1,3.3333333333333335
117508,1,3.3333333333333335
117518,1,3.3333333333333335
117519,1,3.3333333333333335
100541,1,3.3333333333333335
117535,1,3.3333333333333335
117536,1,3.3333333333333335
117537,1,3.3333333333333335
117541,1,3.3333333333333335
117546,1,3.3333333333333335
117547,1,3.3333333333333335
117555,1,3.3333333333333335
117556,1,3.3333333333333335
117558,1,3.3333333333333335
117563,1,3.3333333333333335
117567,1,3.3333333333333335
100544,1,3.3333333333333335
117577,1,3.3333333333333335
117589,1,3.3333333333333335
117595,1,3.3333333333333335
117600,1,3.3333333333333335
117607,1,3.3333333333333335
117608,1,3.3333333333333335
100548,1,3.3333333333333335
117611,1,3.3333333333333335
117612,1,3.3333333333333335
117617,1,3.3333333333333335
117620,1,3.3333333333333335
117628,1,3.3333333333333335
117629,1,3.3333333333333335
117630,1,3.3333333333333335
117639,1,3.3333333333333335
117640,1,3.3333333333333335
117641,1,3.3333333333333335
117648,1,3.3333333333333335
117652,1,3.3333333333333335
117654,1,3.3333333333333335
117655,1,3.3333333333333335
117668,1,3.3333333333333335
117678,1,3.3333333333333335
100549,1,3.3333333333333335
117683,1,3.3333333333333335
117708,1,3.3333333333333335
117711,1,3.3333333333333335
117712,1,3.3333333333333335
117714,1,3.3333333333333335
117721,1,3.3333333333333335
117724,1,3.3333333333333335
117726,1,3.3333333333333335
117730,1,3.3333333333333335
117747,1,3.3333333333333335
117749,1,3.3333333333333335
117763,1,3.3333333333333335
117769,1,3.3333333333333335
117778,1,3.3333333333333335
117779,1,3.3333333333333335
117786,1,3.3333333333333335
117798,1,3.3333333333333335
117802,1,3.3333333333333335
100552,1,3.3333333333333335
117826,1,3.3333333333333335
117828,1,3.3333333333333335
117829,1,3.3333333333333335
117833,1,3.3333333333333335
117836,1,3.3333333333333335
100556,1,3.3333333333333335
117857,1,3.3333333333333335
100562,1,3.3333333333333335
117859,1,3.3333333333333335
117863,1,3.3333333333333335
117864,1,3.3333333333333335
117877,1,3.3333333333333335
117880,1,3.3333333333333335
117884,1,3.3333333333333335
117888,1,3.3333333333333335
100572,1,3.3333333333333335
117892,1,3.3333333333333335
117895,1,3.3333333333333335
100575,1,3.3333333333333335
117912,1,3.3333333333333335
117915,1,3.3333333333333335
117917,1,3.3333333333333335
117919,1,3.3333333333333335
117927,1,3.3333333333333335
117930,1,3.3333333333333335
117932,1,3.3333333333333335
117936,1,3.3333333333333335
117937,1,3.3333333333333335
117948,1,3.3333333333333335
117954,1,3.3333333333333335
117956,1,3.3333333333333335
100578,1,3.3333333333333335
117959,1,3.3333333333333335
117974,1,3.3333333333333335
100585,1,3.3333333333333335
117979,1,3.3333333333333335
117994,1,3.3333333333333335
117995,1,3.3333333333333335
117996,1,3.3333333333333335
117999,1,3.3333333333333335
118007,1,3.3333333333333335
118011,1,3.3333333333333335
118012,1,3.3333333333333335
118015,1,3.3333333333333335
118019,1,3.3333333333333335
118029,1,3.3333333333333335
118032,1,3.3333333333333335
118033,1,3.3333333333333335
118034,1,3.3333333333333335
118046,1,3.3333333333333335
118061,1,3.3333333333333335
118062,1,3.3333333333333335
118073,1,3.3333333333333335
118075,1,3.3333333333333335
118076,1,3.3333333333333335
100592,1,3.3333333333333335
118079,1,3.3333333333333335
118084,1,3.3333333333333335
100598,1,3.3333333333333335
118098,1,3.3333333333333335
118103,1,3.3333333333333335
118104,1,3.3333333333333335
118106,1,3.3333333333333335
118118,1,3.3333333333333335
118123,1,3.3333333333333335
118124,1,3.3333333333333335
100600,1,3.3333333333333335
118133,1,3.3333333333333335
118134,1,3.3333333333333335
118135,1,3.3333333333333335
118136,1,3.3333333333333335
100608,1,3.3333333333333335
118149,1,3.3333333333333335
118152,1,3.3333333333333335
100621,1,3.3333333333333335
118169,1,3.3333333333333335
118172,1,3.3333333333333335
118174,1,3.3333333333333335
118183,1,3.3333333333333335
118188,1,3.3333333333333335
118189,1,3.3333333333333335
118191,1,3.3333333333333335
118200,1,3.3333333333333335
118206,1,3.3333333333333335
118208,1,3.3333333333333335
118214,1,3.3333333333333335
118226,1,3.3333333333333335
118228,1,3.3333333333333335
118230,1,3.3333333333333335
118234,1,3.3333333333333335
118237,1,3.3333333333333335
100624,1,3.3333333333333335
118245,1,3.3333333333333335
100630,1,3.3333333333333335
118251,1,3.3333333333333335
118258,1,3.3333333333333335
118259,1,3.3333333333333335
118265,1,3.3333333333333335
118270,1,3.3333333333333335
118288,1,3.3333333333333335
118299,1,3.3333333333333335
118310,1,3.3333333333333335
118319,1,3.3333333333333335
118322,1,3.3333333333333335
118323,1,3.3333333333333335
118327,1,3.3333333333333335
118344,1,3.3333333333333335
118345,1,3.3333333333333335
118348,1,3.3333333333333335
118353,1,3.3333333333333335
118359,1,3.3333333333333335
118361,1,3.3333333333333335
118373,1,3.3333333333333335
118379,1,3.3333333333333335
100633,1,3.3333333333333335
118399,1,3.3333333333333335
118402,1,3.3333333333333335
118405,1,3.3333333333333335
118406,1,3.3333333333333335
118421,1,3.3333333333333335
118422,1,3.3333333333333335
118433,1,3.3333333333333335
118475,1,3.3333333333333335
118476,1,3.3333333333333335
118478,1,3.3333333333333335
118483,1,3.3333333333333335
118486,1,3.3333333333333335
118487,1,3.3333333333333335
118495,1,3.3333333333333335
118500,1,3.3333333333333335
118502,1,3.3333333333333335
118503,1,3.3333333333333335
118506,1,3.3333333333333335
118507,1,3.3333333333333335
118513,1,3.3333333333333335
118515,1,3.3333333333333335
118517,1,3.3333333333333335
118525,1,3.3333333333333335
118532,1,3.3333333333333335
118537,1,3.3333333333333335
118550,1,3.3333333333333335
118551,1,3.3333333333333335
118562,1,3.3333333333333335
118564,1,3.3333333333333335
118568,1,3.3333333333333335
118580,1,3.3333333333333335
118582,1,3.3333333333333335
118601,1,3.3333333333333335
118611,1,3.3333333333333335
118613,1,3.3333333333333335
118619,1,3.3333333333333335
118631,1,3.3333333333333335
118633,1,3.3333333333333335
118637,1,3.3333333333333335
118643,1,3.3333333333333335
118644,1,3.3333333333333335
118645,1,3.3333333333333335
118646,1,3.3333333333333335
118651,1,3.3333333333333335
118653,1,3.3333333333333335
118655,1,3.3333333333333335
118658,1,3.3333333333333335
118662,1,3.3333333333333335
118664,1,3.3333333333333335
118667,1,3.3333333333333335
118669,1,3.3333333333333335
118689,1,3.3333333333333335
118706,1,3.3333333333333335
118711,1,3.3333333333333335
100634,1,3.3333333333333335
118718,1,3.3333333333333335
118723,1,3.3333333333333335
118724,1,3.3333333333333335
118729,1,3.3333333333333335
118746,1,3.3333333333333335
118747,1,3.3333333333333335
118751,1,3.3333333333333335
118766,1,3.3333333333333335
118773,1,3.3333333333333335
118780,1,3.3333333333333335
118782,1,3.3333333333333335
118784,1,3.3333333333333335
118786,1,3.3333333333333335
118789,1,3.3333333333333335
118803,1,3.3333333333333335
118806,1,3.3333333333333335
118807,1,3.3333333333333335
118808,1,3.3333333333333335
118810,1,3.3333333333333335
118812,1,3.3333333333333335
118821,1,3.3333333333333335
100642,1,3.3333333333333335
118835,1,3.3333333333333335
118840,1,3.3333333333333335
118842,1,3.3333333333333335
118847,1,3.3333333333333335
118849,1,3.3333333333333335
118855,1,3.3333333333333335
118865,1,3.3333333333333335
100644,1,3.3333333333333335
100651,1,3.3333333333333335
118896,1,3.3333333333333335
118899,1,3.3333333333333335
118906,1,3.3333333333333335
118907,1,3.3333333333333335
118916,1,3.3333333333333335
118925,1,3.3333333333333335
100670,1,3.3333333333333335
118958,1,3.3333333333333335
100682,1,3.3333333333333335
100684,1,3.3333333333333335
118971,1,3.3333333333333335
118978,1,3.3333333333333335
118985,1,3.3333333333333335
118987,1,3.3333333333333335
118997,1,3.3333333333333335
119006,1,3.3333333333333335
119014,1,3.3333333333333335
119015,1,3.3333333333333335
119027,1,3.3333333333333335
119030,1,3.3333333333333335
119031,1,3.3333333333333335
119032,1,3.3333333333333335
119033,1,3.3333333333333335
119035,1,3.3333333333333335
119040,1,3.3333333333333335
119045,1,3.3333333333333335
119046,1,3.3333333333333335
119047,1,3.3333333333333335
119060,1,3.3333333333333335
119062,1,3.3333333333333335
119063,1,3.3333333333333335
119064,1,3.3333333333333335
119065,1,3.3333333333333335
119082,1,3.3333333333333335
119084,1,3.3333333333333335
100699,1,3.3333333333333335
100702,1,3.3333333333333335
119106,1,3.3333333333333335
119112,1,3.3333333333333335
100703,1,3.3333333333333335
119120,1,3.3333333333333335
119121,1,3.3333333333333335
119123,1,3.3333333333333335
119127,1,3.3333333333333335
119128,1,3.3333333333333335
119142,1,3.3333333333333335
119152,1,3.3333333333333335
119158,1,3.3333333333333335
119159,1,3.3333333333333335
119161,1,3.3333333333333335
119164,1,3.3333333333333335
100704,1,3.3333333333333335
119170,1,3.3333333333333335
119175,1,3.3333333333333335
119176,1,3.3333333333333335
119184,1,3.3333333333333335
119186,1,3.3333333333333335
119192,1,3.3333333333333335
119194,1,3.3333333333333335
119197,1,3.3333333333333335
100705,1,3.3333333333333335
119199,1,3.3333333333333335
119213,1,3.3333333333333335
119215,1,3.3333333333333335
100707,1,3.3333333333333335
119228,1,3.3333333333333335
119232,1,3.3333333333333335
119233,1,3.3333333333333335
119234,1,3.3333333333333335
119237,1,3.3333333333333335
100719,1,3.3333333333333335
119243,1,3.3333333333333335
119246,1,3.3333333333333335
119264,1,3.3333333333333335
119271,1,3.3333333333333335
119273,1,3.3333333333333335
119284,1,3.3333333333333335
100725,1,3.3333333333333335
119303,1,3.3333333333333335
119331,1,3.3333333333333335
100729,1,3.3333333333333335
119338,1,3.3333333333333335
119341,1,3.3333333333333335
119352,1,3.3333333333333335
119357,1,3.3333333333333335
119361,1,3.3333333333333335
100732,1,3.3333333333333335
100737,1,3.3333333333333335
119367,1,3.3333333333333335
119378,1,3.3333333333333335
119382,1,3.3333333333333335
119386,1,3.3333333333333335
119387,1,3.3333333333333335
119392,1,3.3333333333333335
119404,1,3.3333333333333335
119411,1,3.3333333333333335
119413,1,3.3333333333333335
119415,1,3.3333333333333335
119430,1,3.3333333333333335
119438,1,3.3333333333333335
119441,1,3.3333333333333335
119448,1,3.3333333333333335
119452,1,3.3333333333333335
100738,1,3.3333333333333335
119461,1,3.3333333333333335
119463,1,3.3333333333333335
119466,1,3.3333333333333335
119477,1,3.3333333333333335
119478,1,3.3333333333333335
119483,1,3.3333333333333335
100749,1,3.3333333333333335
119494,1,3.3333333333333335
119511,1,3.3333333333333335
119512,1,3.3333333333333335
119515,1,3.3333333333333335
119528,1,3.3333333333333335
119532,1,3.3333333333333335
119534,1,3.3333333333333335
119536,1,3.3333333333333335
119537,1,3.3333333333333335
100752,1,3.3333333333333335
119544,1,3.3333333333333335
119550,1,3.3333333333333335
119556,1,3.3333333333333335
119560,1,3.3333333333333335
119561,1,3.3333333333333335
119567,1,3.3333333333333335
119580,1,3.3333333333333335
119584,1,3.3333333333333335
119589,1,3.3333333333333335
119592,1,3.3333333333333335
119599,1,3.3333333333333335
119600,1,3.3333333333333335
119616,1,3.3333333333333335
119617,1,3.3333333333333335
119619,1,3.3333333333333335
119635,1,3.3333333333333335
119636,1,3.3333333333333335
119637,1,3.3333333333333335
119639,1,3.3333333333333335
119644,1,3.3333333333333335
119645,1,3.3333333333333335
119652,1,3.3333333333333335
119666,1,3.3333333333333335
100759,1,3.3333333333333335
119688,1,3.3333333333333335
119690,1,3.3333333333333335
119693,1,3.3333333333333335
119700,1,3.3333333333333335
119705,1,3.3333333333333335
119706,1,3.3333333333333335
119727,1,3.3333333333333335
119728,1,3.3333333333333335
119733,1,3.3333333333333335
119738,1,3.3333333333333335
119740,1,3.3333333333333335
119747,1,3.3333333333333335
119754,1,3.3333333333333335
119760,1,3.3333333333333335
119761,1,3.3333333333333335
119766,1,3.3333333333333335
119777,1,3.3333333333333335
119783,1,3.3333333333333335
119784,1,3.3333333333333335
119791,1,3.3333333333333335
100768,1,3.3333333333333335
119801,1,3.3333333333333335
119810,1,3.3333333333333335
119813,1,3.3333333333333335
100772,1,3.3333333333333335
119817,1,3.3333333333333335
119823,1,3.3333333333333335
119827,1,3.3333333333333335
119829,1,3.3333333333333335
119831,1,3.3333333333333335
119832,1,3.3333333333333335
119840,1,3.3333333333333335
119847,1,3.3333333333333335
119848,1,3.3333333333333335
119849,1,3.3333333333333335
119857,1,3.3333333333333335
119860,1,3.3333333333333335
119862,1,3.3333333333333335
119864,1,3.3333333333333335
119870,1,3.3333333333333335
119874,1,3.3333333333333335
119876,1,3.3333333333333335
119878,1,3.3333333333333335
119880,1,3.3333333333333335
119884,1,3.3333333333333335
100774,1,3.3333333333333335
119888,1,3.3333333333333335
119890,1,3.3333333333333335
119893,1,3.3333333333333335
119894,1,3.3333333333333335
119900,1,3.3333333333333335
119903,1,3.3333333333333335
119904,1,3.3333333333333335
119911,1,3.3333333333333335
119912,1,3.3333333333333335
119913,1,3.3333333333333335
119916,1,3.3333333333333335
119920,1,3.3333333333333335
119939,1,3.3333333333333335
119942,1,3.3333333333333335
100779,1,3.3333333333333335
100785,1,3.3333333333333335
119953,1,3.3333333333333335
119966,1,3.3333333333333335
119968,1,3.3333333333333335
119970,1,3.3333333333333335
119985,1,3.3333333333333335
119987,1,3.3333333333333335
119993,1,3.3333333333333335
100787,1,3.3333333333333335
119997,1,3.3333333333333335
100790,1,3.3333333333333335
100791,1,3.3333333333333335
120014,1,3.3333333333333335
120019,1,3.3333333333333335
120022,1,3.3333333333333335
120035,1,3.3333333333333335
120040,1,3.3333333333333335
100796,1,3.3333333333333335
120046,1,3.3333333333333335
120048,1,3.3333333333333335
120052,1,3.3333333333333335
120053,1,3.3333333333333335
120054,1,3.3333333333333335
120055,1,3.3333333333333335
120056,1,3.3333333333333335
120058,1,3.3333333333333335
120061,1,3.3333333333333335
100819,1,3.3333333333333335
120068,1,3.3333333333333335
120069,1,3.3333333333333335
120072,1,3.3333333333333335
120074,1,3.3333333333333335
100822,1,3.3333333333333335
120085,1,3.3333333333333335
120093,1,3.3333333333333335
120097,1,3.3333333333333335
120103,1,3.3333333333333335
120107,1,3.3333333333333335
100829,1,3.3333333333333335
120115,1,3.3333333333333335
120119,1,3.3333333333333335
120122,1,3.3333333333333335
120130,1,3.3333333333333335
100830,1,3.3333333333333335
120138,1,3.3333333333333335
120144,1,3.3333333333333335
100837,1,3.3333333333333335
120151,1,3.3333333333333335
100839,1,3.3333333333333335
120164,1,3.3333333333333335
120166,1,3.3333333333333335
120173,1,3.3333333333333335
120178,1,3.3333333333333335
120190,1,3.3333333333333335
120191,1,3.3333333333333335
120194,1,3.3333333333333335
120195,1,3.3333333333333335
120199,1,3.3333333333333335
120205,1,3.3333333333333335
100845,1,3.3333333333333335
120209,1,3.3333333333333335
120210,1,3.3333333333333335
100851,1,3.3333333333333335
120219,1,3.3333333333333335
120230,1,3.3333333333333335
120237,1,3.3333333333333335
120238,1,3.3333333333333335
120253,1,3.3333333333333335
120256,1,3.3333333333333335
120260,1,3.3333333333333335
100854,1,3.3333333333333335
120269,1,3.3333333333333335
120270,1,3.3333333333333335
120276,1,3.3333333333333335
100859,1,3.3333333333333335
120280,1,3.3333333333333335
120283,1,3.3333333333333335
120287,1,3.3333333333333335
120290,1,3.3333333333333335
120303,1,3.3333333333333335
120304,1,3.3333333333333335
120305,1,3.3333333333333335
120310,1,3.3333333333333335
120311,1,3.3333333333333335
120318,1,3.3333333333333335
120325,1,3.3333333333333335
120331,1,3.3333333333333335
120338,1,3.3333333333333335
120348,1,3.3333333333333335
100863,1,3.3333333333333335
120353,1,3.3333333333333335
120354,1,3.3333333333333335
120357,1,3.3333333333333335
120361,1,3.3333333333333335
100865,1,3.3333333333333335
120375,1,3.3333333333333335
120381,1,3.3333333333333335
120385,1,3.3333333333333335
120388,1,3.3333333333333335
120400,1,3.3333333333333335
120401,1,3.3333333333333335
100870,1,3.3333333333333335
120411,1,3.3333333333333335
100874,1,3.3333333333333335
120420,1,3.3333333333333335
120427,1,3.3333333333333335
120441,1,3.3333333333333335
100877,1,3.3333333333333335
120448,1,3.3333333333333335
120461,1,3.3333333333333335
120465,1,3.3333333333333335
100878,1,3.3333333333333335
120489,1,3.3333333333333335
120493,1,3.3333333333333335
120495,1,3.3333333333333335
120498,1,3.3333333333333335
120499,1,3.3333333333333335
120503,1,3.3333333333333335
120507,1,3.3333333333333335
120512,1,3.3333333333333335
120515,1,3.3333333333333335
120518,1,3.3333333333333335
120519,1,3.3333333333333335
120523,1,3.3333333333333335
120527,1,3.3333333333333335
120535,1,3.3333333333333335
120540,1,3.3333333333333335
120541,1,3.3333333333333335
120552,1,3.3333333333333335
120554,1,3.3333333333333335
120555,1,3.3333333333333335
120557,1,3.3333333333333335
120562,1,3.3333333333333335
120563,1,3.3333333333333335
120566,1,3.3333333333333335
120571,1,3.3333333333333335
120575,1,3.3333333333333335
120587,1,3.3333333333333335
120588,1,3.3333333333333335
120596,1,3.3333333333333335
120597,1,3.3333333333333335
120607,1,3.3333333333333335
120612,1,3.3333333333333335
120618,1,3.3333333333333335
120621,1,3.3333333333333335
120623,1,3.3333333333333335
120624,1,3.3333333333333335
120625,1,3.3333333333333335
100879,1,3.3333333333333335
120636,1,3.3333333333333335
120637,1,3.3333333333333335
120650,1,3.3333333333333335
120651,1,3.3333333333333335
120652,1,3.3333333333333335
120654,1,3.3333333333333335
120659,1,3.3333333333333335
120660,1,3.3333333333333335
120666,1,3.3333333333333335
120673,1,3.3333333333333335
120681,1,3.3333333333333335
100895,1,3.3333333333333335
120707,1,3.3333333333333335
120710,1,3.3333333333333335
120720,1,3.3333333333333335
120724,1,3.3333333333333335
120731,1,3.3333333333333335
120742,1,3.3333333333333335
120744,1,3.3333333333333335
120745,1,3.3333333333333335
120758,1,3.3333333333333335
120761,1,3.3333333333333335
120763,1,3.3333333333333335
120770,1,3.3333333333333335
120778,1,3.3333333333333335
120781,1,3.3333333333333335
120782,1,3.3333333333333335
120788,1,3.3333333333333335
120791,1,3.3333333333333335
120796,1,3.3333333333333335
120797,1,3.3333333333333335
120798,1,3.3333333333333335
120803,1,3.3333333333333335
120810,1,3.3333333333333335
100896,1,3.3333333333333335
120813,1,3.3333333333333335
120816,1,3.3333333333333335
120817,1,3.3333333333333335
120818,1,3.3333333333333335
120823,1,3.3333333333333335
120829,1,3.3333333333333335
120830,1,3.3333333333333335
120832,1,3.3333333333333335
120834,1,3.3333333333333335
120839,1,3.3333333333333335
120857,1,3.3333333333333335
120861,1,3.3333333333333335
120863,1,3.3333333333333335
120872,1,3.3333333333333335
120875,1,3.3333333333333335
120892,1,3.3333333333333335
100905,1,3.3333333333333335
120918,1,3.3333333333333335
120920,1,3.3333333333333335
120926,1,3.3333333333333335
100932,1,3.3333333333333335
120932,1,3.3333333333333335
120945,1,3.3333333333333335
120957,1,3.3333333333333335
120962,1,3.3333333333333335
120973,1,3.3333333333333335
120981,1,3.3333333333333335
120984,1,3.3333333333333335
120985,1,3.3333333333333335
120999,1,3.3333333333333335
100933,1,3.3333333333333335
121006,1,3.3333333333333335
100936,1,3.3333333333333335
121014,1,3.3333333333333335
121029,1,3.3333333333333335
121033,1,3.3333333333333335
121042,1,3.3333333333333335
121045,1,3.3333333333333335
121056,1,3.3333333333333335
121057,1,3.3333333333333335
121060,1,3.3333333333333335
121064,1,3.3333333333333335
121065,1,3.3333333333333335
121071,1,3.3333333333333335
121076,1,3.3333333333333335
121079,1,3.3333333333333335
100959,1,3.3333333333333335
121084,1,3.3333333333333335
121092,1,3.3333333333333335
121116,1,3.3333333333333335
100970,1,3.3333333333333335
121122,1,3.3333333333333335
121136,1,3.3333333333333335
121139,1,3.3333333333333335
121140,1,3.3333333333333335
121142,1,3.3333333333333335
121145,1,3.3333333333333335
121146,1,3.3333333333333335
121150,1,3.3333333333333335
121152,1,3.3333333333333335
121154,1,3.3333333333333335
121160,1,3.3333333333333335
121162,1,3.3333333333333335
121163,1,3.3333333333333335
121167,1,3.3333333333333335
121171,1,3.3333333333333335
121172,1,3.3333333333333335
121178,1,3.3333333333333335
100972,1,3.3333333333333335
121195,1,3.3333333333333335
121198,1,3.3333333333333335
100982,1,3.3333333333333335
121207,1,3.3333333333333335
100992,1,3.3333333333333335
121212,1,3.3333333333333335
121214,1,3.3333333333333335
121215,1,3.3333333333333335
121217,1,3.3333333333333335
121222,1,3.3333333333333335
100996,1,3.3333333333333335
121230,1,3.3333333333333335
121231,1,3.3333333333333335
121234,1,3.3333333333333335
121239,1,3.3333333333333335
121241,1,3.3333333333333335
121244,1,3.3333333333333335
121251,1,3.3333333333333335
121265,1,3.3333333333333335
121272,1,3.3333333333333335
101023,1,3.3333333333333335
121275,1,3.3333333333333335
121283,1,3.3333333333333335
121290,1,3.3333333333333335
121297,1,3.3333333333333335
121298,1,3.3333333333333335
121302,1,3.3333333333333335
121307,1,3.3333333333333335
121312,1,3.3333333333333335
121314,1,3.3333333333333335
121318,1,3.3333333333333335
121321,1,3.3333333333333335
121322,1,3.3333333333333335
121327,1,3.3333333333333335
121329,1,3.3333333333333335
121331,1,3.3333333333333335
121339,1,3.3333333333333335
121342,1,3.3333333333333335
121343,1,3.3333333333333335
121347,1,3.3333333333333335
121352,1,3.3333333333333335
121354,1,3.3333333333333335
121374,1,3.3333333333333335
121376,1,3.3333333333333335
101026,1,3.3333333333333335
121394,1,3.3333333333333335
121396,1,3.3333333333333335
121397,1,3.3333333333333335
121399,1,3.3333333333333335
121401,1,3.3333333333333335
101027,1,3.3333333333333335
121404,1,3.3333333333333335
121414,1,3.3333333333333335
121420,1,3.3333333333333335
121425,1,3.3333333333333335
121429,1,3.3333333333333335
121438,1,3.3333333333333335
101031,1,3.3333333333333335
121447,1,3.3333333333333335
121449,1,3.3333333333333335
101032,1,3.3333333333333335
121462,1,3.3333333333333335
121467,1,3.3333333333333335
121469,1,3.3333333333333335
121484,1,3.3333333333333335
121512,1,3.3333333333333335
121519,1,3.3333333333333335
121520,1,3.3333333333333335
121522,1,3.3333333333333335
121525,1,3.3333333333333335
121530,1,3.3333333333333335
121544,1,3.3333333333333335
121548,1,3.3333333333333335
121549,1,3.3333333333333335
121551,1,3.3333333333333335
121561,1,3.3333333333333335
121562,1,3.3333333333333335
121582,1,3.3333333333333335
121584,1,3.3333333333333335
101037,1,3.3333333333333335
121589,1,3.3333333333333335
121600,1,3.3333333333333335
121610,1,3.3333333333333335
121615,1,3.3333333333333335
101043,1,3.3333333333333335
121619,1,3.3333333333333335
121622,1,3.3333333333333335
121623,1,3.3333333333333335
121627,1,3.3333333333333335
121628,1,3.3333333333333335
121630,1,3.3333333333333335
121632,1,3.3333333333333335
121633,1,3.3333333333333335
101051,1,3.3333333333333335
101052,1,3.3333333333333335
121646,1,3.3333333333333335
121653,1,3.3333333333333335
101053,1,3.3333333333333335
121672,1,3.3333333333333335
121676,1,3.3333333333333335
101055,1,3.3333333333333335
101061,1,3.3333333333333335
121684,1,3.3333333333333335
121688,1,3.3333333333333335
121700,1,3.3333333333333335
121705,1,3.3333333333333335
121710,1,3.3333333333333335
121713,1,3.3333333333333335
121715,1,3.3333333333333335
121716,1,3.3333333333333335
121717,1,3.3333333333333335
121735,1,3.3333333333333335
121737,1,3.3333333333333335
121738,1,3.3333333333333335
121739,1,3.3333333333333335
121741,1,3.3333333333333335
121753,1,3.3333333333333335
121768,1,3.3333333333333335
121770,1,3.3333333333333335
121771,1,3.3333333333333335
121784,1,3.3333333333333335
121785,1,3.3333333333333335
101063,1,3.3333333333333335
121797,1,3.3333333333333335
121798,1,3.3333333333333335
121802,1,3.3333333333333335
121804,1,3.3333333333333335
101066,1,3.3333333333333335
121814,1,3.3333333333333335
121818,1,3.3333333333333335
121819,1,3.3333333333333335
121820,1,3.3333333333333335
101068,1,3.3333333333333335
121843,1,3.3333333333333335
121849,1,3.3333333333333335
121850,1,3.3333333333333335
101082,1,3.3333333333333335
121863,1,3.3333333333333335
121867,1,3.3333333333333335
121870,1,3.3333333333333335
121879,1,3.3333333333333335
101089,1,3.3333333333333335
121889,1,3.3333333333333335
121902,1,3.3333333333333335
121905,1,3.3333333333333335
121906,1,3.3333333333333335
121910,1,3.3333333333333335
121912,1,3.3333333333333335
121914,1,3.3333333333333335
121917,1,3.3333333333333335
121923,1,3.3333333333333335
121924,1,3.3333333333333335
121928,1,3.3333333333333335
121931,1,3.3333333333333335
121932,1,3.3333333333333335
121937,1,3.3333333333333335
121938,1,3.3333333333333335
121939,1,3.3333333333333335
121942,1,3.3333333333333335
121944,1,3.3333333333333335
121945,1,3.3333333333333335
121946,1,3.3333333333333335
121951,1,3.3333333333333335
101090,1,3.3333333333333335
101095,1,3.3333333333333335
121958,1,3.3333333333333335
121974,1,3.3333333333333335
101096,1,3.3333333333333335
101101,1,3.3333333333333335
122020,1,3.3333333333333335
122021,1,3.3333333333333335
101110,1,3.3333333333333335
122030,1,3.3333333333333335
122032,1,3.3333333333333335
122044,1,3.3333333333333335
122045,1,3.3333333333333335
122049,1,3.3333333333333335
122059,1,3.3333333333333335
122062,1,3.3333333333333335
101114,1,3.3333333333333335
122083,1,3.3333333333333335
101120,1,3.3333333333333335
122091,1,3.3333333333333335
122093,1,3.3333333333333335
122100,1,3.3333333333333335
122101,1,3.3333333333333335
122103,1,3.3333333333333335
122110,1,3.3333333333333335
122111,1,3.3333333333333335
122113,1,3.3333333333333335
101123,1,3.3333333333333335
122117,1,3.3333333333333335
122120,1,3.3333333333333335
122123,1,3.3333333333333335
122124,1,3.3333333333333335
122129,1,3.3333333333333335
122130,1,3.3333333333333335
122133,1,3.3333333333333335
122135,1,3.3333333333333335
122137,1,3.3333333333333335
122138,1,3.3333333333333335
101135,1,3.3333333333333335
122143,1,3.3333333333333335
122149,1,3.3333333333333335
122152,1,3.3333333333333335
122160,1,3.3333333333333335
122162,1,3.3333333333333335
122164,1,3.3333333333333335
122166,1,3.3333333333333335
122172,1,3.3333333333333335
122175,1,3.3333333333333335
122190,1,3.3333333333333335
122193,1,3.3333333333333335
122195,1,3.3333333333333335
122196,1,3.3333333333333335
101154,1,3.3333333333333335
122199,1,3.3333333333333335
101158,1,3.3333333333333335
122224,1,3.3333333333333335
122228,1,3.3333333333333335
122229,1,3.3333333333333335
122233,1,3.3333333333333335
101159,1,3.3333333333333335
122242,1,3.3333333333333335
122251,1,3.3333333333333335
122256,1,3.3333333333333335
122259,1,3.3333333333333335
122263,1,3.3333333333333335
122273,1,3.3333333333333335
122274,1,3.3333333333333335
122280,1,3.3333333333333335
122282,1,3.3333333333333335
122303,1,3.3333333333333335
122312,1,3.3333333333333335
122313,1,3.3333333333333335
122317,1,3.3333333333333335
101161,1,3.3333333333333335
122327,1,3.3333333333333335
122331,1,3.3333333333333335
122339,1,3.3333333333333335
122349,1,3.3333333333333335
122350,1,3.3333333333333335
122352,1,3.3333333333333335
122360,1,3.3333333333333335
101165,1,3.3333333333333335
122384,1,3.3333333333333335
122389,1,3.3333333333333335
122390,1,3.3333333333333335
122399,1,3.3333333333333335
101167,1,3.3333333333333335
122408,1,3.3333333333333335
122413,1,3.3333333333333335
122417,1,3.3333333333333335
122421,1,3.3333333333333335
122424,1,3.3333333333333335
122428,1,3.3333333333333335
122439,1,3.3333333333333335
122441,1,3.3333333333333335
122448,1,3.3333333333333335
122453,1,3.3333333333333335
122465,1,3.3333333333333335
122467,1,3.3333333333333335
122468,1,3.3333333333333335
122469,1,3.3333333333333335
122477,1,3.3333333333333335
122479,1,3.3333333333333335
122482,1,3.3333333333333335
122488,1,3.3333333333333335
101173,1,3.3333333333333335
122504,1,3.3333333333333335
122512,1,3.3333333333333335
122515,1,3.3333333333333335
122516,1,3.3333333333333335
122518,1,3.3333333333333335
122521,1,3.3333333333333335
122527,1,3.3333333333333335
122539,1,3.3333333333333335
122540,1,3.3333333333333335
122542,1,3.3333333333333335
122545,1,3.3333333333333335
122548,1,3.3333333333333335
122550,1,3.3333333333333335
122555,1,3.3333333333333335
122556,1,3.3333333333333335
122558,1,3.3333333333333335
122560,1,3.3333333333333335
101175,1,3.3333333333333335
122564,1,3.3333333333333335
122570,1,3.3333333333333335
101198,1,3.3333333333333335
122572,1,3.3333333333333335
122583,1,3.3333333333333335
122589,1,3.3333333333333335
122593,1,3.3333333333333335
122595,1,3.3333333333333335
101213,1,3.3333333333333335
122603,1,3.3333333333333335
122611,1,3.3333333333333335
122618,1,3.3333333333333335
122619,1,3.3333333333333335
122624,1,3.3333333333333335
122630,1,3.3333333333333335
101220,1,3.3333333333333335
122641,1,3.3333333333333335
122647,1,3.3333333333333335
122653,1,3.3333333333333335
122658,1,3.3333333333333335
122667,1,3.3333333333333335
122668,1,3.3333333333333335
122671,1,3.3333333333333335
122673,1,3.3333333333333335
122681,1,3.3333333333333335
122683,1,3.3333333333333335
122685,1,3.3333333333333335
122689,1,3.3333333333333335
122698,1,3.3333333333333335
122702,1,3.3333333333333335
101230,1,3.3333333333333335
122712,1,3.3333333333333335
122714,1,3.3333333333333335
101231,1,3.3333333333333335
122732,1,3.3333333333333335
122735,1,3.3333333333333335
122741,1,3.3333333333333335
122755,1,3.3333333333333335
122757,1,3.3333333333333335
122766,1,3.3333333333333335
122773,1,3.3333333333333335
101233,1,3.3333333333333335
122789,1,3.3333333333333335
122793,1,3.3333333333333335
122812,1,3.3333333333333335
122817,1,3.3333333333333335
101236,1,3.3333333333333335
101248,1,3.3333333333333335
101272,1,3.3333333333333335
122837,1,3.3333333333333335
122845,1,3.3333333333333335
101273,1,3.3333333333333335
122857,1,3.3333333333333335
122860,1,3.3333333333333335
122863,1,3.3333333333333335
122864,1,3.3333333333333335
101284,1,3.3333333333333335
122876,1,3.3333333333333335
122881,1,3.3333333333333335
122883,1,3.3333333333333335
122896,1,3.3333333333333335
122897,1,3.3333333333333335
122907,1,3.3333333333333335
122912,1,3.3333333333333335
122917,1,3.3333333333333335
122924,1,3.3333333333333335
122929,1,3.3333333333333335
122930,1,3.3333333333333335
122951,1,3.3333333333333335
122954,1,3.3333333333333335
122957,1,3.3333333333333335
122958,1,3.3333333333333335
122968,1,3.3333333333333335
122975,1,3.3333333333333335
122987,1,3.3333333333333335
122989,1,3.3333333333333335
122993,1,3.3333333333333335
123000,1,3.3333333333333335
123005,1,3.3333333333333335
123015,1,3.3333333333333335
123027,1,3.3333333333333335
123031,1,3.3333333333333335
123040,1,3.3333333333333335
123045,1,3.3333333333333335
123050,1,3.3333333333333335
123051,1,3.3333333333333335
123052,1,3.3333333333333335
123057,1,3.3333333333333335
123067,1,3.3333333333333335
101287,1,3.3333333333333335
123083,1,3.3333333333333335
123084,1,3.3333333333333335
101291,1,3.3333333333333335
123099,1,3.3333333333333335
123102,1,3.3333333333333335
123107,1,3.3333333333333335
123110,1,3.3333333333333335
123111,1,3.3333333333333335
123114,1,3.3333333333333335
123117,1,3.3333333333333335
123122,1,3.3333333333333335
123125,1,3.3333333333333335
123136,1,3.3333333333333335
123139,1,3.3333333333333335
123145,1,3.3333333333333335
123149,1,3.3333333333333335
123157,1,3.3333333333333335
123160,1,3.3333333333333335
123164,1,3.3333333333333335
123165,1,3.3333333333333335
123166,1,3.3333333333333335
123177,1,3.3333333333333335
123184,1,3.3333333333333335
123188,1,3.3333333333333335
123198,1,3.3333333333333335
123202,1,3.3333333333333335
123210,1,3.3333333333333335
123218,1,3.3333333333333335
123229,1,3.3333333333333335
100071,1,3.3333333333333335
123239,1,3.3333333333333335
123245,1,3.3333333333333335
123247,1,3.3333333333333335
123266,1,3.3333333333333335
123275,1,3.3333333333333335
123282,1,3.3333333333333335
123286,1,3.3333333333333335
123297,1,3.3333333333333335
123303,1,3.3333333333333335
123307,1,3.3333333333333335
123317,1,3.3333333333333335
123319,1,3.3333333333333335
123326,1,3.3333333333333335
123335,1,3.3333333333333335
100083,1,3.3333333333333335
101295,1,3.3333333333333335
123359,1,3.3333333333333335
123360,1,3.3333333333333335
123361,1,3.3333333333333335
123368,1,3.3333333333333335
123370,1,3.3333333333333335
101311,1,3.3333333333333335
123386,1,3.3333333333333335
123397,1,3.3333333333333335
101314,1,3.3333333333333335
101315,1,3.3333333333333335
101317,1,3.3333333333333335
123427,1,3.3333333333333335
123439,1,3.3333333333333335
123440,1,3.3333333333333335
100168,1,3.3333333333333335
